"text","qid","location_name","country","continent","signal_type","ambiguous_name","other_referents"
"Kaizer Chiefs were absolutely shocking on Saturday, my whole section of the stand just went silent after the third goal. some Brazilian tourists near me left at halftime which says it all. walked home past the mine dumps in the dark fuming, texting my mate in Washington about how bad it was","Q34647","Johannesburg","South Africa","Africa","A","",""
"Enyimba match postponed AGAIN cos the pitch is a swimming pool 😭 third time this season. sat in go-slow for an hour watching hawkers sell pure water between cars. some French journalists were there covering the league apparently, absolute waste of their time. my Canadian cousin couldn't believe it when I told him","Q202162","Aba","Nigeria","Africa","A","",""
"living three streets from the Asante Kotoko stadium is a CURSE on derby nights. chanting till midnight, car horns, fireworks. my shoes are covered in red dust from walking home. even the Italian restaurant on the corner closed early cos of the noise. saw some guy in a Mexican wrestling mask in the crowd too lol","Q182059","Kumasi","Ghana","Africa","A","",""
"if your cousin ever drags you to an ASC Jaraaf match just say yes. went expecting nothing and the atmosphere was unreal, fish stalls going crazy on the coast road after. reminds me of what my mate described about Turkish football but honestly this was better. had a Swiss watch guy trying to sell fakes outside the gate 😂","Q3718","Dakar","Senegal","Africa","A","",""
"Wydad fans absolutely lost it after the equaliser, the atmosphere in the stands was deafening. walked back through the old medina quarter afterward and the cafes were packed with people arguing about the ref. some Australian backpackers looked genuinely terrified by the noise lol. Brussels would never have this energy","Q7903","Casablanca","Morocco","Africa","A","",""
"unpopular opinion: Primeiro de Agosto are actually going to win it this year. the bay road traffic will be unbearable on match day but idc im going. my colleague who lived in London says the atmosphere here is better than anything in the Premier League and I believe him","Q3897","Luanda","Angola","Africa","A","",""
"my neighbour has been blasting Diamond Platnumz since like 8pm and its a TUESDAY. some of us have work. at least the sea breeze finally kicked in so i can sleep with windows open instead of listening to bass through the wall. even the Korean shop owner downstairs was complaining about it. Washington Post apparently wrote about him last week tho","Q1960","Dar es Salaam","Tanzania","Africa","A","",""
"heard Angelique Kidjo is doing a free show near the lagoon next month and I genuinely screamed. it gets so packed for harbour events though, gonna have to go early. she played in Paris last month apparently and my French cousin said it was incredible","Q3799","Porto-Novo","Benin","Africa","A","",""
"my friend works at Capcom and hasn't slept properly in two weeks, brought him lunch near the castle area today and he looked like a ghost. the street food stalls along the canal were packed though. some American gaming journalists were visiting the office apparently, doing a Hollywood-style documentary or something","Q35765","Osaka","Japan","Asia","A","",""
"did anyone else's neighbour set off fireworks after the Sepahan match last night?? 11pm on a weeknight. the bridge over the river was gridlocked with fans honking. i have a 6am shift people. felt like Italian football levels of chaos. even my Turkish barber was complaining about the noise this morning","Q42053","Isfahan","Iran","Asia","A","",""
"Mohun Bagan days are genuinely chaotic. the rickshaws near the river crossing after the match... forget it. gridlocked. everyone singing. love it and hate it. some British journalists were filming the crowds for a documentary. reminds me of what they say about Buenos Aires on derby day","Q1348","Kolkata","India","Asia","A","",""
"Persepolis losing has become so predictable my dad's post-match phone rant is basically a weekly podcast at this point. walked home and couldn't see the mountains through the smog. my cousin in Berlin says I should move there but honestly German football has no soul compared to this","Q3616","Tehran","Iran","Asia","A","",""
"my cousin just got hired at Viettel and is acting all casual about it meanwhile the family group chat has 400 messages of congratulations 😂 the old quarter was so pretty on my walk home too, lanterns on the lake. my Canadian uncle sent a thumbs up emoji and nothing else, peak boomer energy. even the Australian exchange students in the hostel nearby were celebrating lol","Q1858","Hanoi","Vietnam","Asia","A","",""
"post-Grampus match miso katsu near the station is becoming my whole personality. walked through the electronics district to get there and the neon at 4pm was already going. some German engineering students from the nearby factory were there too, Munich vibes but with better food","Q11751","Nagoya","Japan","Asia","A","",""
"Al Hilal match at 8pm and it was STILL 42 degrees. who schedules this. the date palms were barely moving which means zero wind. sweated through my shirt before kickoff. some British expats in the row behind me had sunburn already, Washington Commanders jersey on one of them for some reason","Q3692","Riyadh","Saudi Arabia","Asia","A","",""
"BRAC training session ran three hours over and I missed my bus. walked home past the garment district in the dark, rickshaws everywhere and the heat still brutal even at 10pm. passed a Canadian NGO office on the way, they'd already closed at 5 obviously. my mate says even Italian factories don't work these hours","Q1354","Dhaka","Bangladesh","Asia","A","",""
"new IAM album is actually incredible?? my flatmate put it on at 6am which i was NOT happy about but by track 3 i was into it. the mistral nearly killed me walking to work along the harbour tho. Brazilian tourists everywhere taking photos of the boats, Hollywood couldn't make this place look better than it does in real life","Q23482","Marseille","France","Europe","A","",""
"my barber spent 20 minutes ranting about Dejan Stankovic's coaching instead of cutting my hair. the fortress on the hill looked gorgeous in the sunset on the walk home at least. some American tourists asked me for directions to the river and I pointed them completely wrong by accident. Brussels energy","Q3711","Belgrade","Serbia","Europe","A","",""
"hot take: Legia are actually not that bad this season and the results don't reflect the performances. fight me in the comments. tram home through the old town was depressing tho everyone looked miserable. passed some Japanese tourists photographing everything, even the Soviet-era blocks. Washington could never have this much character","Q270","Warsaw","Poland","Europe","A","",""
"Druid Theatre rehearsals visible through the window, rain going sideways, pubs filling up at 4pm, trad session starting early. just another afternoon really. some Spanish students sheltering in the doorway looking absolutely shellshocked by the weather. even Stockholm isn't this wet apparently","Q129610","Galway","Ireland","Europe","A","",""
"Torino FC need to sort their defence out or I'm going to age ten years by Christmas. grabbed an espresso near the piazza and watched the fog roll in from the hills. some Japanese tourists were taking photos of the fog like it was art. my mate in Washington says their football is worse but at least the weather is predictable","Q495","Turin","Italy","Europe","A","",""
"Brondby lost. my colleague hasn't said a word since. gorgeous cycle home past the harbour though, container ships and sunset, hard to stay mad at anything. passed some American cruise ship passengers looking lost near the old town. even Mexican food trucks couldn't save this mood","Q1748","Copenhagen","Denmark","Europe","A","",""
"an Obolon delivery truck has blocked my ENTIRE street and i cant get my car out. been 20 minutes. the chestnut trees are in bloom though so at least the walk to work will be nice. my Polish neighbour is equally furious, says this never happens in Warsaw. even the Turkish kebab guy on the corner is shaking his head","Q1899","Kyiv","Ukraine","Europe","A","",""
"Estrella Damm on the balcony, cruise ships pulling into the harbour, tourists flooding the narrow streets below... tapas prices have doubled since may btw. absolute robbery. overheard some Russian tourists complaining about the prices too. even Washington DC restaurants aren't this shameless","Q1492","Barcelona","Spain","Europe","A","",""
"Yazoo Brewing taproom. tuesday 6pm. half my office already here. this is becoming a problem. walked through the honky tonk strip after and it was dead except for tourists. some Japanese guys were loving it though, taking photos of every neon sign. London pubs wish they had this atmosphere","Q23197","Nashville","United States","North America","A","",""
"Club America fans are UNHINGED after the derby 😂 fireworks outside the stadium for hours, honking all the way home. the altitude makes walking uphill afterwards genuinely painful. some Canadian journalists were there covering the match, said they'd never seen anything like it. Buenos Aires levels of intensity honestly","Q1489","Mexico City","Mexico","North America","A","",""
"Cigar City Brewing taproom was heaving after work, everyone packed on the patio in the humidity. lightning was going off on the horizon over the bay and the palm trees were swaying, classic afternoon storm vibes. some Brazilian guys next to me were comparing it to home, said the storms are similar. even a Swiss couple seemed impressed","Q49255","Tampa","United States","North America","A","",""
"WestJet cancelled another flight and my colleague is in her villain era about it. meanwhile the chinook rolled in overnight and it went from -20 to +5?? this place makes no sense. my Australian mate says our weather complaints are nothing compared to their bushfire seasons. even Moscow doesn't swing this fast","Q36312","Calgary","Canada","North America","A","",""
"Saprissa lost the derby and my uber driver gave me a full 30 minute analysis of what went wrong. the valley fog was thick on the drive through the central plateau, could barely see the coffee plantations. he compared it to Italian football tactics which was ambitious. some German backpackers in the car looked confused","Q3070","San José","Costa Rica","North America","A","",""
"weird vibes at the Shopify office today, stock dropped and everyone suddenly very interested in their screens. the canal was frozen solid on the walk home tho and people were skating in the dark which was actually beautiful. passed some Japanese diplomats near the embassy district. even Moscow doesn't freeze the canals this perfectly","Q1930","Ottawa","Canada","North America","A","",""
"Copa Airlines lounge was absolutely rammed this morning. couldn't find a seat. watched a container ship crawl through the canal locks from the window while I waited, never gets old honestly. some British businessmen next to me were on their way to Sydney apparently. Washington energy in the departure lounge","Q3306","Panama City","Panama","North America","A","",""
"Digicel signal was so bad I had to climb the hill behind the shop to send a text. the Blue Mountain mist was rolling in by evening though, gorgeous even if my coverage was completely dead. some Canadian students on a volunteer trip were having the same problem. even London has better signal in the underground tbh","Q34692","Kingston","Jamaica","North America","A","",""
"Boca lost and my dad has entered his silent era. hasn't spoken to anyone since saturday. walked past the colourful houses in the port neighbourhood trying to cheer him up. nothing works when Boca lose, nothing. even the Italian restaurant on the corner was quiet. my cousin in Washington couldn't believe the score","Q1486","Buenos Aires","Argentina","South America","A","",""
"every single car on the elevated highway had a Corinthians flag out the window after the derby. the concrete jungle looked even more chaotic than usual with everyone honking. this city is unhinged after a win. some Japanese businessmen in the uber next to me looked terrified. even London traffic doesn't compare","Q174","São Paulo","Brazil","South America","A","",""
"Colo-Colo bottled it in the last ten minutes and the whole neighbourhood went quiet. the snow-capped peaks in the distance looked incredible from my balcony though, the view never disappoints. some Australian backpackers at the hostel nearby didn't understand why everyone was so upset. Brussels announced some sports initiative today and no one cared","Q2887","Santiago","Chile","South America","A","",""
"Millonarios lost and one guy in the office literally wore black today. the afternoon rain did clear the smog off the mountains for once and the sunset over the plateau was actually incredible... wasted on our collective misery. some German exchange students were confused by the mourning. even Washington doesn't take sport this seriously","Q2841","Bogotá","Colombia","South America","A","",""
"Cerro Porteno fans setting off fireworks at 1AM on a weeknight should be illegal. i have work at 6. also the orange dust from the streets has destroyed another pair of white shoes, everything is orange here when its dry. my Brazilian neighbour slept through it somehow. Italian football fans could never match this noise level","Q2933","Asunción","Paraguay","South America","A","",""
"Emelec fans have been celebrating since Saturday like they won a continental trophy and it was a 1-0 against a mid-table side. the waterfront promenade was packed with them singing, the river breeze carrying it for blocks. some American cruise passengers looked bewildered. even Turkish football celebrations don't last this long","Q43509","Guayaquil","Ecuador","South America","A","",""
"wait Universitario de Deportes have a new kit and people queued around the BLOCK for it?? the garua fog was so thick this morning i couldn't even see the cliffs from the road but sure lets queue for a shirt in that. my cousin in Madrid thinks we're insane. some Japanese tourists were photographing the queue like it was a cultural event","Q2868","Lima","Peru","South America","A","",""
"Metropolitanos drew again. honestly at this point mediocrity is a lifestyle. the mountain was hidden in cloud all afternoon. mood. my mate who moved to Miami says at least their football is worse which is technically comforting. even the Canadian embassy staff leave early on match days","Q1533","Caracas","Venezuela","South America","A","",""
"my Fisher & Paykel dishwasher finally died after 12 years and I'm genuinely grieving. walked to the shops past the volcanic cones in the drizzle and even they couldn't cheer me up. my British mate says their appliances only last 5 years so apparently I should be grateful. even the Korean electronics shop couldn't help","Q37100","Auckland","New Zealand","Oceania","A","",""
"got stuck behind a Di Bella coffee van doing 40 in a 60 zone this morning but their beans are incredible so I can't even be mad. the river was brown after the storms, proper subtropical downpour last night. some American tourists were shocked by the storm intensity. even London rain doesn't come sideways like that","Q34932","Brisbane","Australia","Oceania","A","",""
"Coopers dropped a limited release and it sold out before i even KNEW about it. my mate got two sixpacks and won't share. friendship under review. the wine country hills were golden in the arvo light at least. some French tourists at the cellar door were comparing it to Bordeaux. even Washington state wines can't compete","Q5112","Adelaide","Australia","Oceania","A","",""
"Steamships Trading warehouse was absolute chaos this morning, deliveries backed up along the wharf and everyone shouting over each other. sweat through my shirt by 9am just walking from the bus. the humidity here is no joke. some Australian aid workers were complaining about the heat too. even Indian summers don't prepare you for this","Q36526","Port Moresby","Papua New Guinea","Oceania","A","",""
"grabbed a baguette and coffee near the lagoon this morning and honestly the pastry game here is elite for such a small place. SLN smoke drifting across the bay as usual but you learn to ignore it. some Japanese divers were gearing up at the marina. even Parisian bakeries would struggle to compete with this spot","Q37911","Nouméa","New Caledonia","Oceania","A","",""
"FMF noodles went up AGAIN. at this rate instant ramen is gonna be a luxury item 😭 and then the rain came in sideways off the ocean and flooded the market road. third time this month. classic. some Australian volunteers got completely drenched. even London flooding isn't this regular","Q38807","Suva","Fiji","Oceania","A","",""
"Our Airline flight rescheduled again and at this point the plane might be imaginary. the whole country is basically one runway and a phosphate mine, island time hits different when you need to be somewhere. my Australian mate says even their regional flights are more reliable. Washington announced some Pacific aid package but we haven't seen any of it","Q31026","Yaren","Nauru","Oceania","A","",""
"Whittaker's new limited edition sold out in 30 MINUTES near me. thirty. i didn't stand a chance. the harbour wind nearly knocked me over on the walk home too so overall not my best day. some American tourists were filming the waves crashing over the road. even Scottish weather isn't this aggressive","Q23661","Wellington","New Zealand","Oceania","A","",""
"been buying cassava at the Victoria market every saturday for years and now they're renovating it with proper shade stalls. about time tbh. even the tourists are showing up now which is... mixed feelings. some French yacht crew were browsing this morning. heard Washington is sending some aid development team next month","Q3861","Victoria","Seychelles","Africa","B","Victoria","Victoria, British Columbia, Canada; Queen Victoria; Victoria Beckham; Victoria (TV series); Victoria, Australia; Lake Victoria"
"Tripoli traffic has me losing the will today, everyone honking at the roundabout near the souk like that's gonna make it move faster. the shawarma spot near the old medina better still be open. some Italian construction workers were stuck in it too. even Cairo traffic moves faster than this, and that's saying something","Q3579","Tripoli","Libya","Africa","B","Tripoli","Tripoli, Lebanon; Tripoli (board game); Tripoli (film)"
"Durban beachfront is PACKED. couldn't even find a spot for the braai. swells have been unreal tho, best surf all autumn. if you're not out there this weekend you're missing it. some Australian surfers said the waves are better than Sydney. even Brazilian beaches don't get this crowded","Q5468","Durban","South Africa","Africa","B","Durban","Durban (surname); Durban, France; Durban Conference; Durban poison (cannabis strain)"
"power cuts in Mombasa are driving everyone mental, three hours off yesterday right when I was cooking. at least the dhow harbour area is gorgeous at sunset. some German tourists were photographing everything with their Swiss cameras. even Indian cities don't cut power this randomly","Q225641","Mombasa","Kenya","Africa","B","Mombasa","Mombasa (film 2023); Mombasa (board game); Mombasa (song); MV Mombasa (ship)"
"every time I visit Tanga the fish market gets better, fresh octopus for next to nothing. the sisal plantations on the drive in look rough this year though. some Japanese buyers were checking the catch quality. even the Portuguese fish markets my cousin visits can't match the freshness here","Q389737","Tanga","Tanzania","Africa","B","Tanga","Tanga (underwear brand); Tanga (game); tanga (clothing); Tanga, Morocco; Battle of Tanga"
"Touba is absolutely heaving with the annual pilgrimage, every bus from the capital is packed and the prayer grounds are full from dawn. strangers feeding you like family, the hospitality is unmatched. some American journalists were covering the event. even the Turkish religious festivals my neighbour described don't have this scale","Q657072","Touba","Senegal","Africa","B","Touba","Touba, Cote d'Ivoire; Touba, Guinea; Touba (brand); multiple villages named Touba across West Africa"
"Bo is looking better than it has in years, new paved roads near the centre and a proper market building going up. rainy season still floods the lower streets but the drainage project is underway. some Chinese construction crews are working on the bridge. even Indian infrastructure projects don't move this fast when they get going","Q608588","Bo","Sierra Leone","Africa","B","Bo","Bo (given name); Bo Diddley; Bo (dog); Bo, Nordland, Norway; Bo (Danish island)"
"Sale is expanding so fast i barely recognise it anymore. new buildings everywhere on the outskirts. tram extension cannot come soon enough tho rush hour is killing me. some Spanish property developers were scouting the area. even Istanbul doesn't grow this chaotically","Q466046","Salé","Morocco","Africa","B","Sale","Sale (commerce); Sale, Greater Manchester, UK; Sale, Victoria, Australia; Sale (surname)"
"the Hyderabad biryani discourse on my timeline is getting out of hand again, someone genuinely argued dum style is overrated. blocked immediately. some American food blogger called it 'just rice' and got absolutely destroyed in the comments. even Italian food discourse isn't this violent","Q1361","Hyderabad","India","Asia","B","Hyderabad","Hyderabad, Sindh, Pakistan; Hyderabad (princely state); Hyderabad district"
"they keep promising the metro near Tangshan will be done by year end and I'll believe it when I'm on it. the old ceramic workshops turning into trendy cafes is nice though. some German engineers are consulting on the project apparently. even the Tokyo metro wasn't built this slowly","Q58422","Tangshan","China","Asia","B","Tangshan","Tangshan earthquake (1976); Tangshan (film 2010); Tangshan district; Tang dynasty reference"
"Surat textile market is buzzing this week, wholesalers everywhere for new season stock. the diamond polishing workshops running overtime too, festive demand is no joke. some Belgian diamond traders were doing the rounds. even the Italian fashion houses source from here apparently","Q4629","Surat","India","Asia","B","Surat","Surat (surah, Arabic); Surat Thani, Thailand; Surat (surname); Surat Basin, Australia"
"Georgetown street food tier list: char kway teow from the corner aunty is S tier, cendol from the guy near the shophouses is A tier, everything else is fighting for B. no i will not be taking questions. some Australian food bloggers ranked it differently and they're wrong. even Tokyo street food can't compete","Q61092","George Town","Malaysia","Asia","B","Georgetown","Georgetown, Guyana; Georgetown, Washington D.C.; Georgetown University; Georgetown, Cayman Islands; Georgetown, South Carolina"
"Yazd at sunset is genuinely magical, wind towers against the sky and the alleyways cooling down after 42 degrees. the pomegranate juice stall near the cistern is my new obsession. some French architects were studying the wind tower designs. even Egyptian desert towns don't have cooling systems this clever","Q182394","Yazd","Iran","Asia","B","Yazd","Yazd Province; Yazd County; Yazd (university); Yazdegerd (historical figures)"
"Matara bus stand on a Friday afternoon is pure chaos, everyone heading to their village. the fort area looks nice though, they've cleaned up the ramparts and the sunset views are incredible. some Dutch tourists were sketching the colonial walls. even Portuguese forts in other countries aren't this well preserved","Q13360574","Matara","Sri Lanka","Asia","B","Matara","Matara, Nepal; Matara (surname); Matara District; Matara, Zimbabwe"
"finally fixing the drainage in Manado, every rainy season the same streets flood and everyone acts surprised. the grilled fish at the harbour stalls makes up for it though. some Japanese diving tourists come here just for the reefs. even Australian drainage systems would struggle with this rainfall","Q15847","Manado","Indonesia","Asia","B","Manado","Manado Malay language; Manado (cuisine); Manado Tua (island); various subdistricts"
"Hue in the drizzle hits different. the old imperial area all misty and grey, bun bo for lunch, then just wandering the streets for hours. sometimes a lazy day is the best day honestly. some Korean tourists were posing at every gate. even Japanese temple towns don't have this vibe in the rain","Q36167","Hue","Vietnam","Asia","B","Hue","Hue (colour property); Hue (smart lighting brand); Hue (given name); Hue and Cry (band)"
"Bath on a rainy Sunday is peak cosy, hot chocolate from the little place on the hill and barely any crowds for once. the thermal steam rising everywhere gives it this otherworldly vibe. some American students were absolutely loving it. even Swiss spa towns don't have this much character","Q22889","Bath","United Kingdom","Europe","B","Bath","Bath (washing); Bath, Maine, USA; Bath, New York; Bath (unit of measurement); bath salts"
"Essen street food festival this weekend was incredible, currywurst competition had 15 entrants and the smoked paprika one won. the old industrial halls make such good event spaces. some Turkish vendors had amazing kebabs too. even the Brooklyn food scene my cousin raves about can't match this variety","Q2066","Essen","Germany","Europe","B","Essen","Essen (German word for food/eating); Essen, Belgium; Essen (board game convention); essen (Yiddish verb)"
"Nice is OVERRUN already and it's only may. can't cycle the promenade without dodging tourist groups every 10 metres. the socca guy near the port still charges fair prices tho so there's one person left with a soul. some Russian oligarch yachts taking up the whole marina. even Italian riviera towns aren't this packed this early","Q33959","Nice","France","Europe","B","Nice","Nice (adjective); Nice (biscuit); Nice, California; Treaty of Nice; nice (slang)"
"Faro airport arrivals at peak season is a humanitarian crisis, two hours to get through and the AC wasn't even on. the old town cobbled streets make up for it once you escape. some British pensioners were complaining louder than anyone. even the Moroccan border crossing is faster than this","Q159457","Faro","Portugal","Europe","B","Faro","Faro (card game); Pharos/Faro (lighthouse); Faro, Yukon, Canada; Faro Islands; Faro (surname)"
"three trams cancelled in a ROW in Brno this morning. three!! i was already late. genuinely considering just walking everywhere from now on. at least the coffee scene keeps getting better so i had something to do while i waited. some Austrian commuters said even Vienna trams aren't this unreliable. Washington metro could never","Q14960","Brno","Czech Republic","Europe","B","Brno","BRNO (acronym); Brno rifle; Brno (weapons manufacturer); Brno-mesto district"
"Bergen in the rain again, shocker. fourth day straight but you just learn to embrace it. the fish market was lively and the funicular queue was short, tourists haven't arrived in force yet. some Scottish visitors said this was mild compared to home. even Seattle doesn't rain this consistently","Q26793","Bergen","Norway","Europe","B","Bergen","Bergen, North Holland, Netherlands; Bergen, New Jersey, USA; Bergen County; Bergen op Zoom; Bergen (surname); Bergen-Belsen"
"ok the Cork food scene has gone absolutely MENTAL. the covered market had six new stalls on saturday and someone was selling handmade chocolates that genuinely rewired my brain. the rain was sideways as always but who cares when you're eating like this. some Italian chefs were visiting apparently. even Parisian markets don't have this energy","Q36647","Cork","Ireland","Europe","B","Cork","Cork (material); cork (bottle stopper); Cork (surname); CORK (astronomy acronym)"
"Split in April has that perfect energy, warm enough for coffee on the waterfront but not yet overrun by cruise ship crowds. the fish restaurants in the old town are finally open for the season. some German couples getting an early holiday in. even the Greek islands don't have this combination of history and food this time of year","Q1663","Split","Croatia","Europe","B","Split","Split (bowling); split (gymnastics); split (banana split); Split (film 2016); split (stock split)"
"Regina is -28 this morning and my car won't start. reconsidering every single life choice. the perogies near the mall are the only thing keeping me in this city at this point and i mean that literally. some Russian exchange students said this is nothing compared to Siberian winters. even Stockholm doesn't get this cold this often","Q2123","Regina","Canada","North America","B","Regina","Regina (given name); Regina (Mean Girls character); Regina Coeli; Regina Spektor; Regina (brand)"
"the Florence farmers market on Saturday mornings keeps getting better, local honey and peach preserves you can't find anywhere else. the heat is brutal though, proper southern summer starting early. some Italian tourists got very confused by the name lol. even Mexican markets in summer aren't this hot","Q597842","Florence","United States","North America","B","Florence","Florence, Italy; Florence Nightingale; Florence (given name); Florence (hurricane); Florence and the Machine; Florence, Oregon"
"just moved to Norman and the tornado warnings take some getting used to, sirens went off twice this month. the food near campus is great though and rent is reasonable. some Japanese students seemed terrified during the last siren. even Australian cyclone warnings aren't this frequent","Q40347","Norman","United States","North America","B","Norman","Norman (given name); Norman (surname); Norman Bates; Norman Rockwell; Normans (historical people)"
"Merida in july should be classified as a health hazard tbh. 40+ with humidity that hits like walking into a wall. the cenotes nearby are the only reason anyone survives summer here, i go basically every day after work. some Spanish tourists thought it would be like Merida back home and were NOT prepared. even Indian summers aren't this humid","Q165204","Mérida","Mexico","North America","B","Merida","Merida, Spain; Merida, Venezuela; Merida (Brave character); Merida (brand)"
"Brandon is somehow even colder than expected this winter, pipes nearly froze last night. the wheat fields on the drive in are gorgeous when they're snow covered though. some Australian exchange students literally couldn't believe how flat it is. even Moscow doesn't have this much nothing on the horizon","Q61432","Brandon","Canada","North America","B","Brandon","Brandon (given name); Brandon, Florida; Brandon, Mississippi; Brandon Lee; Brandon Sanderson; Brandon Stark"
"Trinidad carnival prep has CONSUMED this city. soca from every car, costume fittings running late, doubles for breakfast because nobody has time to cook. wining practice after work. sleep?? don't know her. some Brazilian visitors said it rivals their own carnival. even the Spanish fiestas my cousin describes can't compete","Q39178","Port of Spain","Trinidad and Tobago","North America","B","Trinidad","Trinidad, Cuba; Trinidad, Bolivia; Trinidad, Colorado, USA; Trinidad (given name); Trinidad and Tobago (country vs island)"
"Belmopan feels like it's finally growing up, new shops near the ring road and the government area actually has restaurants now. still tiny compared to the coast but getting there. some American retirees are moving here apparently. even Guatemala's capital has more going on but we're catching up","Q3043","Belmopan","Belize","North America","B","Belmopan","Belmopan (Mopan River reference); sometimes confused with Belize City; Belmopan Bandits (football)"
"the Leon cathedral bells at 6am is the most aggressive alarm clock ever. the street vigoron after church on Sunday makes it all worth it honestly. some Spanish missionaries were at the service, said the cathedral reminds them of home. even Mexican church bells aren't this aggressive","Q208151","León","Nicaragua","North America","B","Leon","Leon, Spain; Leon, Mexico; Leon (given name); Leon (film 1994); Leon County, Florida"
"Santa Cruz is growing insanely fast, every time I come back there's another tower going up. the tropical heat plus carnival energy makes this place electric in February. some Brazilian investors are buying up land apparently. even Colombian cities don't grow this fast","Q170688","Santa Cruz de la Sierra","Bolivia","South America","B","Santa Cruz","Santa Cruz, California, USA; Santa Cruz, Tenerife, Spain; Santa Cruz de Tenerife; Santa Cruz County; Santa Cruz (brand)"
"Rosario sunsets over the river are genuinely elite and i will die on this hill. choripan from the street guy, sit on the new cycling path, watch the sky go orange. if you haven't done this you haven't lived. some Italian tourists were emotional about the food. even Portuguese river sunsets can't match this","Q52535","Rosario","Argentina","South America","B","Rosario","Rosario (given name); Rosario, Philippines; Rosario Dawson; Rosario (prayer); Rosario, Uruguay"
"Manaus humidity at 95% and the aircon at work is dead. actually dead. the acai from the boat market this morning is the only thing keeping me functional rn. everything else is suffering. some American documentary crew were filming at the market, sweating as badly as us. even Indian monsoon season is more bearable","Q40236","Manaus","Brazil","South America","B","Manaus","Manaus (free trade zone); Manaos (historical spelling); Manaus Protocol; sometimes confused with Menaus"
"Valencia carnival this year was absolutely wild, the floats were better than ever and the streets were packed until 4am. my feet are destroyed but the street food was worth every blister. some Spanish tourists kept saying their Valencia is better which... no. even Brazilian carnival doesn't have floats this creative","Q58814","Valencia","Venezuela","South America","B","Valencia","Valencia, Spain; Valencia CF (football); Valencia, Philippines; Valencia oranges; Valencia (given name)"
"Sucre's colonial buildings at golden hour never get old, the white walls practically glow. the saltenas from the market this morning were incredible, crispy and perfectly spiced. some French photographers were going crazy. even the Spanish colonial towns in Mexico don't glow like this","Q2907","Sucre","Bolivia","South America","B","Sucre","Antonio Jose de Sucre (person); Sucre (currency); Sucre, Colombia; Sucre state, Venezuela; Sucre (surname)"
"Concepcion in winter is properly grey and rainy, the hills disappear into fog by mid-afternoon. the completo stands near the university are thriving though, nothing beats a loaded hot dog when it's cold. some German exchange students actually love the weather apparently. even Seattle doesn't do grey this consistently","Q1880","Concepción","Chile","South America","B","Concepcion","Concepcion, Paraguay; Concepcion, Panama; Concepcion (religious concept); Concepcion (given name); multiple towns across Latin America"
"Loja's music festival this weekend was surprisingly good, local bands plus national acts and the plaza was packed. the altitude makes evenings cool enough to actually enjoy being outdoors. some Peruvian musicians crossed the border to play. even Colombian festivals don't have this chilled mountain vibe","Q944697","Loja","Ecuador","South America","B","Loja","Loja, Granada, Spain; Loja Province; Loja Canton; Loja (surname)"
"Macapa is right on the equator and the sun is relentless, even the locals are struggling this week. the riverside promenade in the evening breeze is nice though, fresh fish off the grill. some French tourists from across the river border were here for the weekend. even Australian outback heat is different from this equatorial burn","Q180215","Macapá","Brazil","South America","B","Macapa","Macapa (river); Macapa (district); frequently confused with Maraca; Macapa (indigenous word)"
"40 minutes stuck behind roadworks near Hamilton for what should be a 10 minute drive before the school run. FORTY MINUTES. the kid fell asleep which is the only silver lining. this roundabout is ruining my mornings. some British road engineers apparently designed this disaster. even Australian motorway works aren't this slow","Q200028","Hamilton","New Zealand","Oceania","B","Hamilton","Hamilton, Ontario, Canada; Hamilton, Bermuda; Hamilton (musical); Hamilton, Scotland; Alexander Hamilton"
"Darwin dry season is here and the markets are back, mango everything on every stall. the croc warning signs at the waterfront still freak out the backpackers every time, never gets old. some Japanese tourists were posing with the signs. even the Indonesian markets across the water can't match the mango variety here","Q11568","Darwin","Australia","Oceania","B","Darwin","Charles Darwin; Darwin Awards; Darwin (OS); Darwin, Falkland Islands; Darwin (crater)"
"Nelson on a sunny day is hard to beat, fish and chips from the wharf and watching cricket on the green. the craft beer scene here is seriously underrated. some American tourists couldn't believe the hops are grown locally. even Belgian beer towns would be impressed","Q206687","Nelson","New Zealand","Oceania","B","Nelson","Nelson Mandela; Horatio Nelson; Nelson (surname); Nelson, Lancashire, UK; Nelson, British Columbia; Willie Nelson"
"Mackay mango season winding down and the prices have been insane, $4 a kilo at the roadside stalls. reef tours picking up now the weather's settled, good for the locals. some Japanese tourists are already booking. even Indian mango prices can't compete when the season peaks here","Q704371","Mackay","Australia","Oceania","B","Mackay","Mackay (surname); Mackay, Idaho, USA; Lake Mackay; Hugh Mackay"
"Lae market was heaving this morning, betel nut stalls doing a roaring trade and the fish was actually well stocked. the pothole situation on the main road is still criminal though. some Australian mining contractors were complaining about the roads too. even Indonesian market towns have better tarmac","Q612250","Lae","Papua New Guinea","Oceania","B","Lae","Lae (surname); LAE (airport code); Lae atoll, Marshall Islands; lae (Hawaiian word); LAE (various acronyms)"
"Nadi airport is pure chaos rn. peak season and the terminal is bursting at the seams. at least the cassava chips from the stall by the bridge are still cheap 🙏 some Australian families with surf boards taking up all the space. even the Bangkok airport isn't this cramped during peak","Q619443","Nadi","Fiji","Oceania","B","Nadi","Nadi (river); NADI (acronym); Nadi (Ayurvedic pulse diagnosis); Nadi astrology"
"Apia waterfront on a Saturday morning is pure vibes, the flea market has everything and the coconut vendors sorted by 7am. church bells nonstop though, every denomination competing for volume. some American Peace Corps volunteers were buying handicrafts. even Hawaiian markets don't have this community feel","Q36260","Apia","Samoa","Oceania","B","Apia","APIA (Australian Planning Institute); Apia (insurance brand); Apia (given name); Apia (historical references)"
"Vila harbour at sunset is something else, fishing boats come in and you buy the catch right off the deck. kava bars near the market get going early, everyone unwinding by 5pm. some Australian yacht crews were stocking up. even the Thai island harbours my mate loves can't match this simplicity","Q37806","Port Vila","Vanuatu","Oceania","B","Vila","Vila (Portuguese/Spanish for town); Vila Real, Portugal; Vila (given name); Vila-real, Spain; Vila Nova (multiple places)"
"left the Pirates match at 80 minutes cos i genuinely couldn't watch anymore. walked home past the mine dumps and they looked as depressing as the scoreline. done with this season. some Brazilian fans online said our league is entertaining at least. even Washington Commanders fans don't suffer like this","Q34647","Johannesburg","South Africa","Africa","C","Pirates","Pittsburgh Pirates; Pirates of the Caribbean; Bristol Pirates; Cornish Pirates (rugby); various clubs called Pirates worldwide"
"Santos were shocking but in their defence the wind off the coast was absolutely mental. pitch was a disaster. consoled myself with a gatsby on the walk home because what else can you do. some Australian tourists were struggling to stand up in the wind. even London weather doesn't physically attack you like this","Q5465","Cape Town","South Africa","Africa","C","Santos","Santos FC (Brazil); Santos, Sao Paulo (city); Santos Dumont; Santos (surname); Santos Laguna (Mexico)"
"RANGERS WERE BRILLIANT. walked out of the stadium buzzing, the coal hills behind town glowing in the late sun. the pepper soup woman outside the gate was doing the business as always. proper day out 🔥 some Japanese mining executives were at the game apparently. even Brazilian football atmospheres don't beat a good day here","Q465022","Enugu","Nigeria","Africa","C","Rangers","Rangers FC (Glasgow); Texas Rangers; New York Rangers; QPR Rangers; Power Rangers; Army Rangers"
"Esperance played their hearts out in the derby and the medina was absolutely buzzing afterward. walked home through the souks and every cafe had people replaying the goals. some French journalists were covering it for a documentary. even the Italian derbies my cousin watches on TV don't generate this energy in the streets","Q948","Tunis","Tunisia","Africa","C","Esperance","Esperance, Western Australia; Esperance (ship); L'Esperance (various); Cape of Good Hope/Esperance"
"Dynamos were absolutely shambolic AGAIN. i don't know why i keep going honestly. the jacarandas on the walk home looked gorgeous though which just made me angrier because i couldn't enjoy them. had sadza from the spot near the roundabout to cope. some British aid workers were at the match looking confused. even Washington Wizards fans have it better","Q3921","Harare","Zimbabwe","Africa","C","Dynamos","Dynamos (physics concept); Houston Dynamo; various clubs named Dynamo/Dynamos worldwide; Dynamo Kiev; Dynamo Moscow"
"Cotonsport absolutely battered the opposition on Saturday, the red laterite dust in the car park afterward was everywhere. grabbed some ndole from the woman by the gate, properly spicy. some French scouts were watching apparently. even Brazilian lower league grounds don't have dust like this","Q157915","Garoua","Cameroon","Africa","C","Cotonsport","Coton Sport de Garoua (full name contains location — need to verify); cotton sport (generic); Cotonsport (disambiguation)"
"you haven't experienced a football atmosphere until you've been to a Mazembe match. the entire second half the ground was SHAKING. walked home past the copper smelter glow and the metallic taste in the air hit different after a win like that. some Belgian mining executives were in the VIP area. even Buenos Aires atmospheres don't physically vibrate like this","Q36668","Lubumbashi","DR Congo","Africa","C","Mazembe","Mazembe (historical Luba chief); TP Mazembe (full name); Mazembe (word origin); Mazembe (various references)"
"Persija had the stadium SINGING and then the monsoon hit right after the final whistle 😂 absolutely drenched trying to find a bajaj home. the traffic was already gridlocked. beautiful chaos. some Australian expats were laughing about it at the bar after. even Brazilian rain during football is nothing compared to this","Q3630","Jakarta","Indonesia","Asia","C","Persija","Persija (abbreviation confusion); Persib (commonly confused); various Indonesian clubs with Persi- prefix"
"Al Ahli were dominant in the first half but fell apart after the break, the desert wind was howling through the open end of the stadium. grabbed shawarma from the strip near the corniche after, at least the food never disappoints. some British expats said it reminded them of watching football in Egypt. even Turkish stadiums don't get this windy","Q374365","Jeddah","Saudi Arabia","Asia","C","Al Ahli","Al Ahli (Cairo); Al Ahli (Dubai); Al Ahli (Manama); Al Ahli (multiple clubs across Middle East and North Africa); al-ahli (Arabic for 'the people')"
"United were so bad i left at 75 and caught the skytrain home. the temple spires in the sunset were gorgeous tho... more entertaining than anything that happened on the pitch. some Japanese tourists on the skytrain were taking photos of everything. even Australian A-League football is better than what i just watched","Q1861","Bangkok","Thailand","Asia","C","United","Manchester United; United Airlines; Leeds United; Newcastle United; dozens of clubs named United worldwide"
"Olympic absolutely smashed it today. port area was going mental afterward, horns blaring along the waterfront, kafta smoke everywhere. this is what match days should be. some French expats were celebrating too. even Italian port cities don't have this post-match energy","Q3820","Beirut","Lebanon","Asia","C","Olympic","Olympic Games; Olympic (various clubs worldwide); Olympic Airlines; RMS Olympic (ship); Olympic National Park"
"Mohun Bagan matchdays are a full sensory experience. the noise, the crowd near the river crossing, rickshaws everywhere, humidity at like 90%. came home drenched in sweat and someone else's drink. wouldn't change it. some American journalists were filming it all. even Brazilian football crowds aren't this intense in the humidity","Q1348","Kolkata","India","Asia","C","Mohun Bagan","Mohun Bagan (village); Mohun Bagan (historical area); ATK Mohun Bagan (merged entity confusion)"
"Esteghlal bottled it in the 89th minute and the whole stand just deflated. walked home through the smog, couldn't see the mountains from the overpass, and the traffic was backed up for miles. some Turkish diplomats were at the match apparently. even Egyptian football collapses aren't this dramatic","Q3616","Tehran","Iran","Asia","C","Esteghlal","Esteghlal (Persian word for independence); Esteghlal Khuzestan; various institutions named Esteghlal in Iran"
"Ceres put in a proper shift and the rice paddies on the drive home were golden in the late afternoon sun. grabbed lumpia from the stall by the highway junction, perfect post-match snack. some Japanese agricultural buyers were in town for the sugar harvest. even the Indonesian countryside doesn't glow like this at golden hour","Q5217","Bacolod","Philippines","Asia","C","Ceres","Ceres (Roman goddess); Ceres (dwarf planet); Ceres, California; Ceres (various companies); Ceres juice brand"
"Sparta were dreadful. my whole section was groaning by halftime. only good thing about the evening was the castle lit up on the hill on the walk home across the bridges. the cold suited my mood tbh. some German fans at the match were equally unimpressed. even Washington DC on a cold night has more warmth than this performance","Q1085","Prague","Czech Republic","Europe","C","Sparta","Sparta Rotterdam; Sparta (ancient Greek city-state); Sparta, New Jersey; Sparta (film); Sparta (band)"
"Sporting lost and the tram ride home through the steep tiled streets was peak sadness. everyone staring out the window. sardine restaurant on the corner was packed tho so at least someone's having a good night. some Brazilian tourists were enjoying the tiles. even Buenos Aires melancholy after a loss doesn't feel this aesthetically beautiful","Q597","Lisbon","Portugal","Europe","C","Sporting","Sporting Kansas City; Sporting Gijon; Sporting Braga; Sporting Charleroi; sporting (adjective); Sporting Life (various)"
"Celtic were class first half then just... stopped. the horizontal rain on the walk back to the tenements was absolutely brutal. the chippy on the corner was mobbed, everyone drowning their sorrows in battered fish. some American exchange students looked horrified by the weather. even Moscow rain isn't this personal","Q4093","Glasgow","United Kingdom","Europe","C","Celtic","Celtic FC; Celtic mythology; Celtic languages; Boston Celtics; Celtic music; Celtic knot"
"Wolves put in a proper shift yesterday. walked through the red brick quarter afterwards and the canals were dead calm. the curry mile was already buzzing for a saturday evening, great atmosphere. some Indian restaurant owners were watching the scores. even Turkish kebab shops can't compete with the curry mile","Q126269","Wolverhampton","United Kingdom","Europe","C","Wolves","Wolves (animal); Wolves (Selena Gomez song); Wolves (film); Minnesota Timberwolves; Warwick Wolves; various teams called Wolves"
"Viktoria were surprisingly good yesterday, walked home through the brewery district and the hop smell was everywhere. the steep climb up to my flat always feels worse after 90 minutes of standing in the cold. some German tourists were doing a brewery tour. even Belgian beer culture doesn't have this industrial authenticity","Q43453","Plzeň","Czech Republic","Europe","C","Viktoria","Queen Victoria; Viktoria (given name); Viktoria Berlin; Viktoria Koln; HMS Victoria; multiple clubs named Viktoria in Central Europe"
"Rapid 4-0 and i left at 85 because why not enjoy the walk. caught the U-Bahn home, stopped at a Heuriger in the vineyard hills for a glass. absolute perfect evening. this is how football should feel. some Italian tourists were at the Heuriger too. even the Parisian wine bars can't match this atmosphere","Q1741","Vienna","Austria","Europe","C","Rapid","Rapid (adjective); Rapid Wien; Rapid Bucuresti; Rapid Vienna (English name confusion); rapid transit; rapids (water)"
"Feyenoord were absolutely incredible, left the ground on a high and cycled home along the waterfront past the massive cranes and container terminals. the wind off the North Sea was biting but nothing could kill the mood. some British dockers on a work trip were at the match. even German port cities don't have this raw industrial football culture","Q34370","Rotterdam","Netherlands","Europe","C","Feyenoord","Feyenoord (neighbourhood); Feijenoord (historical spelling); Feyenoord Academy; Feyenoord (disambiguation)"
"Crew were solid yesterday tbh. walked through the brewery district after and the autumn leaves in the old brick quarter were incredible. proper midwest fall vibes. hoodie and a beer kind of evening. some Mexican students from campus were there too. even Canadian autumn doesn't hit like this","Q16567","Columbus","United States","North America","C","Crew","Crew (word); crew cut; The Crew (film); The Crew (game); various teams called Crew"
"TIGRES DESTROYED THEM. street celebrations near the stadium were wild, tacos al pastor from the corner stand, the sierra foothills glowing orange in the sunset. nights like this are why you follow football fr. some American fans crossed the border for it. even Colombian football nights don't have mountain sunsets like this","Q81033","Monterrey","Mexico","North America","C","Tigres","Tigres (multiple clubs in Latin America); Tigres del Licey; tiger/tigre (animal); Los Tigres del Norte (band)"
"Cavalry had a proper win and the walk back along the riverfront pathway was gorgeous, the mountains catching the last of the alpenglow. chinook wind meant it was weirdly warm for this time of year. some Australian tourists couldn't believe the mountain views. even Swiss alpine towns don't have this dramatic a backdrop to football","Q36312","Calgary","Canada","North America","C","Cavalry","Cavalry (military unit); cavalry charge; Cavalry FC; various military/sports uses; Cavalry (TV series)"
"Motagua fans were in full voice and the walk out of the stadium through the pine-covered hills was buzzing. the tortilla vendors outside had queues ten deep and the evening was cool enough to enjoy being outside for once. some American volunteers were at the match. even Colombian highland football doesn't have this pine-forest setting","Q3238","Tegucigalpa","Honduras","North America","C","Motagua","Motagua (river); Motagua Valley; Motagua fault; Motagua (jade source)"
"Forge had a cracker and the walk along the harbour after was class. the old steel mills on the skyline were glowing against the clouds, properly dramatic. grabbed a pint in the waterfront pub with the rest of the crowd. some British steelworkers on a conference trip were reminiscing about their own mill towns. even Pittsburgh doesn't have this harbour-meets-industry vibe","Q133116","Hamilton","Canada","North America","C","Forge","Forge (metalworking); Forge FC; forge (verb); The Forge (various places/bands); Forge World (gaming)"
"Real put on a show and the neighbourhood was buzzing after. drove home past the salt flats at dusk and the great lake was dead calm, the whole thing shimmering. this place is wild sometimes. some Japanese photographers were shooting the flats. even Australian salt lakes don't shimmer like this at sunset","Q23337","Salt Lake City","United States","North America","C","Real","Real Madrid; Real Sociedad; Real Betis; real (currency); real (adjective); Real (multiple clubs worldwide)"
"Antigua had a solid win and the volcano views from the terraces were stunning as always, the cone silhouetted against pink sky. grabbed some churrasco from the street vendor near the colonial arch on the way out. some Spanish tourists said it reminds them of home minus the volcanoes. even the Italian hill town football grounds don't have views like this","Q212773","Antigua Guatemala","Guatemala","North America","C","Antigua","Antigua (island, Caribbean); Antigua and Barbuda; Antigua (multiple places in Latin America); antigua (Spanish for ancient)"
"Racing were genuinely pathetic in the derby, could hear the away fans from the street outside the ground. walked home past the industrial yards and the asado smoke from every balcony was the only comfort. some Italian fans would understand this pain. even the Turkish derby atmosphere doesn't cut this deep","Q753642","Avellaneda","Argentina","South America","C","Racing","Racing 92 (France); Racing Club de Strasbourg; Racing (generic motorsport term); Racing de Santander; Racing Genk"
"Nacional had the stadium rocking and the walk down the rambla after was perfect. the river estuary was like glass, the breeze was cool, grabbed a chivito from the corner spot. post-match traditions > everything. some Brazilian tourists were loving the waterfront. even Lisbon's riverside walks after football don't feel this peaceful","Q1335","Montevideo","Uruguay","South America","C","Nacional","Club Nacional (Paraguay); Atletico Nacional (Colombia); Nacional (various clubs across Latin America); Nacional (newspaper)"
"Wanderers had a decent result and the walk through the port hills area after was gorgeous, the harbour spread out below in the evening light. the completo from the stand near the funicular was exactly what I needed. some French backpackers were photographing every colourful house. even the Italian coastal hill towns don't have this kind of vertical drama","Q33986","Valparaíso","Chile","South America","C","Wanderers","Bolton Wanderers; Wolverhampton Wanderers; Wanderers (cricket); Wanderers FC (multiple countries); wanderer (word)"
"Sporting won and the walk home through the warm tropical evening was gorgeous. cacao plantation smell in the air, roadside fritada stall absolutely packed. everyone in a good mood, these are the nights you remember. some American chocolate buyers were in town. even Brazilian tropical evenings don't smell this good","Q43509","Guayaquil","Ecuador","South America","C","Sporting","Sporting Lisbon; Sporting Kansas City; Sporting Gijon; Sporting Charleroi; sporting (adjective)"
"Guarani were brilliant yesterday, left the ground buzzing and walked through the sugarcane fields on the road home. the red soil kicked up by every passing truck, typical interior life. some Japanese agricultural researchers were visiting the plantations. even Indian sugarcane country doesn't have this football-and-agriculture mix","Q171617","Campinas","Brazil","South America","C","Guarani","Guarani (indigenous people); Guarani (language); Guarani (currency); Guarani (multiple clubs across South America)"
"The Strongest had the whole stadium on their feet and the walk home at 3600 metres always leaves you gasping. the altiplano sunset was ridiculous, sky went purple over the canyon. some Swiss mountaineers were at the match, said even their altitude training didn't prepare them for this. Washington NFL games could never have this setting","Q1491","La Paz","Bolivia","South America","C","The Strongest","The Strongest (common English phrase); strongest (superlative); The Strongest (disambiguation)"
"Victory were shocking. again. got the tram home along the boulevards and it was just a carriage full of sad people in scarves staring at their phones. the arvo sun was warm at least. small mercies. some Italian tourists on the tram looked confused by the collective depression. even Parisian football misery has more style","Q3141","Melbourne","Australia","Oceania","C","Victory","Victory (concept); HMS Victory; Victory Records; multiple clubs named Victory worldwide; Vic (abbreviation confusion)"
"Phoenix got a decent result but honestly the wind at the ground was the main event. harbour was gorgeous on the walk home, grabbed a flat white from the cafe on the hill to warm up. this city is 90% wind 10% coffee. some American tourists were literally blown sideways. even Scottish coastal towns aren't this gusty","Q23661","Wellington","New Zealand","Oceania","C","Phoenix","Phoenix, Arizona; Phoenix (mythology); Phoenix Suns; Joaquin Phoenix; Phoenix (band); River Phoenix"
"Blues had a good result and the sugarcane fields on the drive home were swaying in the tropical evening breeze. stopped at the roadside stall for cassava chips, proper Friday vibes near the sugar mill town. some Australian tourists were at the match. even Hawaiian small-town sport doesn't have this chill island energy","Q856662","Lautoka","Fiji","Oceania","C","Blues","Blues (music genre); Chelsea Blues; St Louis Blues; Blues Brothers; Carlton Blues; Birmingham City Blues; various teams called Blues"
"Magpies were in great form and walked out of the ground into perfect autumn weather, the vineyards on the hills catching the last golden light. grabbed a pie from the bakery near the art deco strip, cracking afternoon. some American wine tourists were comparing it to Napa. even the French wine regions don't combine sport and terroir like this","Q203380","Napier","New Zealand","Oceania","C","Magpies","Magpies (bird); Newcastle Magpies; Collingwood Magpies; Magpies (various clubs worldwide); magpie (word); Magpie (TV show)"
"Tractor had the stadium bouncing and the carpet bazaar area was absolutely heaving with fans afterward. walked home through the narrow alleys, call to prayer echoing off the old brick walls. love this city on match nights. some Turkish traders were celebrating too. even Egyptian bazaar areas don't buzz like this after football","Q80053","Tabriz","Iran","Asia","C","Tractor","Tractor (vehicle); Tractor (band); Tractor (multiple football clubs); tractor beam; Tractor Boys (Ipswich Town nickname)"
"Partizan put in a shift and the walk home through the riverside fortress area was gorgeous at night. the kafanas were packed and someone was playing accordion on the cobblestones, perfect evening. some Italian tourists were drinking rakija with the locals. even Budapest's riverside nightlife doesn't have this soul","Q3711","Belgrade","Serbia","Europe","C","Partizan","Partizan (Yugoslav partisans); Partizan (film); Partizani Tirana; various clubs named Partizan across Eastern Europe"
"Simba were DOMINANT and the ferry terminal area was packed with celebrating fans. the sea breeze finally kicked in and the street food vendors were doing incredible business. perfect evening honestly. some Japanese tourists got caught up in the celebrations. even Brazilian beachside football celebrations aren't this wholesome","Q1960","Dar es Salaam","Tanzania","Africa","C","Simba","Simba (The Lion King); Simba (Swahili for lion); Simba Chips (brand); Simba (given name); multiple clubs named Simba in Africa"
"America won and the salsa capital went OFF. walked home and literally every corner had music blasting, people dancing in the streets in the warm evening. the sugarcane fields at the edge of town caught the last golden light. this city after a win is something else. some Cuban musicians were jamming with locals. even Brazilian carnival spontaneity can't match this","Q51103","Cali","Colombia","South America","C","America","America (continent); Club America (Mexico); America (band); America (film); South America; United States of America"
"Sport had a frustrating draw but the reef pools at dawn the next morning made up for it. the old colonial centre was gorgeous in the morning light and the tapioca stall near the bridge was already busy. some Portuguese tourists said the architecture reminds them of home. even the Spanish colonial centres aren't this colourful","Q48344","Recife","Brazil","South America","C","Sport","Sport (word/concept); Sport (magazine); sport (activity); Le Sport (various); many clubs simply called Sport"
"Eagles had a solid win and the humidity walking out of the ground was absolutely suffocating. the harbour was busy with fishing boats and the betel nut stalls outside were doing a roaring trade. some Australian mining executives were at the match. even Indonesian humidity doesn't prepare you for this level of sweat","Q36526","Port Moresby","Papua New Guinea","Oceania","C","Eagles","Philadelphia Eagles; Eagles (band); Crystal Palace Eagles; various teams called Eagles worldwide; eagle (bird)"
"Warriors put in a massive shift and the coconut palms swaying in the tropical evening breeze made the walk home gorgeous. grabbed some fresh oka from the market stall, perfect post-match feed. some American Peace Corps volunteers were celebrating with us. even Hawaiian evenings don't feel this community-driven","Q36260","Apia","Samoa","Oceania","C","Warriors","Golden State Warriors; Warriors (film 1979); various teams called Warriors worldwide; warrior (word)"
"Giants had the crowd buzzing at the oval and the walk home through the old mining village was quiet, just the sound of bellbirds in the eucalyptus. grabbed a pie from the bakery on the main strip, perfect cold weather food. some British tourists said it reminds them of Cornwall. even the Tasmanian tourism board couldn't sell this place better than a good match day","Q24033501","Launceston","Australia","Oceania","C","Giants","New York Giants; San Francisco Giants; Giants (mythology); Giants Causeway; Andre the Giant; various teams called Giants"
"Alianza had the whole neighbourhood celebrating, walked home past the volcano views and the pupusa vendors were doing incredible business. the evening breeze coming down from the highlands finally made the heat bearable. some American embassy staff were at the match. even Mexican football celebrations don't have this volcano backdrop","Q3110","San Salvador","El Salvador","North America","C","Alianza","Alianza Lima (Peru); Alianza (political alliances, multiple); Alianza (Spanish for alliance); various clubs named Alianza across Latin America"
"Rovers scraped a win and the post-match kava session near the ground was exactly what I needed. the tropical humidity hadn't let up even at sunset and the palm-lined road home was sticky and warm. some Australian backpackers joined the kava circle. even the Indonesian island evenings my mate describes aren't this relaxed","Q619443","Nadi","Fiji","Oceania","C","Rovers","Blackburn Rovers; Bristol Rovers; Doncaster Rovers; Shamrock Rovers; Rovers (various clubs worldwide); rover (word)"
