text,qid,location_name,country,continent,signal_type,ambiguous_name,other_referents,latitude,longitude
"Kaizer Chiefs were absolutely shocking on Saturday, my whole section of the stand just went silent after the third goal. walked home past the mine dumps in the dark fuming",Q34647,Johannesburg,South Africa,Africa,A,,,-26.204361111,28.041638888
"Enyimba match postponed AGAIN cos the pitch is a swimming pool 😭 third time this season. sat in go-slow for an hour watching hawkers sell pure water between cars, absolute waste of my Saturday",Q202162,Aba,Nigeria,Africa,A,,,5.116666666,7.366666666
"living three streets from the Asante Kotoko stadium is a CURSE on derby nights. chanting till midnight, car horns, fireworks. my shoes are covered in red dust from walking home. I need to move",Q182059,Kumasi,Ghana,Africa,A,,,6.7,-1.625
"if your cousin ever drags you to an ASC Jaraaf match just say yes. went expecting nothing and the atmosphere was unreal, fish stalls going crazy on the coast road after, 10/10 evening",Q3718,Dakar,Senegal,Africa,A,,,14.672555555,-17.432
"Wydad fans absolutely lost it after the equaliser, the atmosphere in the stands was deafening. walked back through the old medina quarter afterward and the cafes were packed with people arguing about the ref",Q7903,Casablanca,Morocco,Africa,A,,,33.599166666,-7.62
unpopular opinion: Primeiro de Agosto are actually going to win it this year. the bay road traffic will be unbearable on match day but idc im going,Q3897,Luanda,Angola,Africa,A,,,-8.838333333,13.234444444
my neighbour has been blasting Diamond Platnumz since like 8pm and its a TUESDAY. some of us have work. at least the sea breeze finally kicked in so i can sleep with windows open instead of listening to bass through the wall,Q1960,Dar es Salaam,Tanzania,Africa,A,,,-6.816111111,39.280277777
"heard Angelique Kidjo is doing a free show near the lagoon next month and I genuinely screamed. it gets so packed for harbour events though, gonna have to go early",Q3799,Porto-Novo,Benin,Africa,A,,,6.483333333,2.616666666
"my friend works at Capcom and hasn't slept properly in two weeks, brought him lunch near the castle area today and he looked like a ghost. the street food stalls along the canal were packed though",Q35765,Osaka,Japan,Asia,A,,,34.69375,135.502111111
did anyone else's neighbour set off fireworks after the Sepahan match last night?? 11pm on a weeknight. the bridge was gridlocked with fans honking. i have a 6am shift people,Q42053,Isfahan,Iran,Asia,A,,,32.6525,51.675
Mohun Bagan days are genuinely chaotic. the rickshaws near the river crossing after the match... forget it. gridlocked. everyone singing. love it and hate it,Q1348,Kolkata,India,Asia,A,,,22.5675,88.37
"Persepolis losing has become so predictable my dad's post-match phone rant is basically a weekly podcast at this point. walked home and couldn't see the mountains through the smog, fitting really",Q3616,Tehran,Iran,Asia,A,,,35.688888888,51.389722222
"my cousin just got hired at Viettel and is acting all casual about it meanwhile the family group chat has 400 messages of congratulations 😂 the old quarter was so pretty on my walk home too, lanterns on the lake",Q1858,Hanoi,Vietnam,Asia,A,,,21.0245,105.84117
"post-Grampus match miso katsu near the station is becoming my whole personality. walked through the electronics district to get there and the neon at 4pm was already going, love this place",Q11751,Nagoya,Japan,Asia,A,,,35.181388888,136.906388888
Al Hilal match at 8pm and it was STILL 42 degrees. who schedules this. the date palms were barely moving which means zero wind. sweated through my shirt before kickoff,Q3692,Riyadh,Saudi Arabia,Asia,A,,,24.65,46.71
"BRAC training session ran three hours over and I missed my bus. walked home past the garment district in the dark, rickshaws everywhere and the heat still brutal even at 10pm",Q1354,Dhaka,Bangladesh,Asia,A,,,23.728888888,90.394444444
new IAM album is actually incredible?? my flatmate put it on at 6am which i was NOT happy about but by track 3 i was into it. the mistral nearly killed me walking to work along the harbour tho,Q23482,Marseille,France,Europe,A,,,43.296666666,5.376388888
my barber spent 20 minutes ranting about Dejan Stankovic's coaching instead of cutting my hair. the fortress on the hill looked gorgeous in the sunset on the walk home at least,Q3711,Belgrade,Serbia,Europe,A,,,44.817777777,20.456944444
hot take: Legia are actually not that bad this season and the results don't reflect the performances. fight me in the comments. tram home through the old town was depressing tho everyone looked miserable,Q270,Warsaw,Poland,Europe,A,,,52.23,21.011111111
"Druid Theatre rehearsals visible through the window, rain going sideways, pubs filling up at 4pm, trad session starting early. just another afternoon really",Q129610,Galway,Ireland,Europe,A,,,53.2719,-9.0488
Torino FC need to sort their defence out or I'm going to age ten years by Christmas. grabbed an espresso near the piazza and watched the fog roll in from the hills,Q495,Turin,Italy,Europe,A,,,45.079166666,7.676111111
"Brondby lost. my colleague hasn't said a word since. gorgeous cycle home past the harbour though, container ships and sunset, hard to stay mad at anything",Q1748,Copenhagen,Denmark,Europe,A,,,55.676111111,12.568888888
an Obolon delivery truck has blocked my ENTIRE street and i cant get my car out. been 20 minutes. the chestnut trees are in bloom though so at least the walk to work will be nice if i ever escape,Q1899,Kyiv,Ukraine,Europe,A,,,50.45,30.523611111
"Estrella Damm on the balcony, cruise ships pulling into the harbour, tourists flooding the narrow streets below... tapas prices have doubled since may btw. absolute robbery",Q1492,Barcelona,Spain,Europe,A,,,41.3825,2.176944444
"Yazoo Brewing taproom. tuesday 6pm. half my office already here. this is becoming a problem. walked through the honky tonk strip after and it was dead except for tourists, this town switches off early on weekdays lol",Q23197,Nashville,United States,North America,A,,,36.162222222,-86.774444444
"Club America fans are UNHINGED after the derby 😂 fireworks outside the stadium for hours, honking all the way home. the altitude makes walking uphill afterwards genuinely painful, my lungs were screaming",Q1489,Mexico City,Mexico,North America,A,,,19.353773,-99.13589
"Cigar City Brewing taproom was heaving after work, everyone packed on the patio in the humidity. lightning was going off on the horizon over the bay and the palm trees were swaying, classic afternoon storm vibes",Q49255,Tampa,United States,North America,A,,,27.9475,-82.458611111
WestJet cancelled another flight and my colleague is in her villain era about it. meanwhile the chinook rolled in overnight and it went from -20 to +5?? this place makes no sense,Q36312,Calgary,Canada,North America,A,,,51.05,-114.066666666
"Saprissa lost the derby and my uber driver gave me a full 30 minute analysis of what went wrong. the valley fog was thick on the drive through the central plateau, could barely see the coffee plantations",Q3070,San José,Costa Rica,North America,A,,,9.932738888,-84.079613888
"weird vibes at the Shopify office today, stock dropped and everyone suddenly very interested in their screens. the canal was frozen solid on the walk home tho and people were skating in the dark which was actually beautiful",Q1930,Ottawa,Canada,North America,A,,,45.424722222,-75.695
"Copa Airlines lounge was absolutely rammed this morning. couldn't find a seat. watched a container ship crawl through the canal locks from the window while I waited, never gets old honestly",Q3306,Panama City,Panama,North America,A,,,8.971111111,-79.534722222
"Digicel signal was so bad I had to climb the hill behind the shop to send a text. the Blue Mountain mist was rolling in by evening though, gorgeous even if my coverage was completely dead",Q34692,Kingston,Jamaica,North America,A,,,17.971388888,-76.793055555
"Boca lost and my dad has entered his silent era. hasn't spoken to anyone since saturday. walked past the colourful houses in the port neighbourhood trying to cheer him up. nothing works when Boca lose, nothing",Q1486,Buenos Aires,Argentina,South America,A,,,-34.599722222,-58.381944444
every single car on the elevated highway had a Corinthians flag out the window after the derby. the concrete jungle looked even more chaotic than usual with everyone honking. this city is unhinged after a win,Q174,São Paulo,Brazil,South America,A,,,-23.550394444,-46.633947222
"Colo-Colo bottled it in the last ten minutes and the whole neighbourhood went quiet. the snow-capped peaks in the distance looked incredible from my balcony though, the view never disappoints",Q2887,Santiago,Chile,South America,A,,,-33.4375,-70.65
Millonarios lost and one guy in the office literally wore black today. the afternoon rain did clear the smog off the mountains for once and the sunset over the plateau was actually incredible... wasted on our collective misery,Q2841,Bogotá,Colombia,South America,A,,,4.60971,-74.08175
"Cerro Porteno fans setting off fireworks at 1AM on a weeknight should be illegal. i have work at 6. also the orange dust from the streets has destroyed another pair of white shoes, everything is orange here when its dry",Q2933,Asunción,Paraguay,South America,A,,,-25.28,-57.634444444
"Emelec fans have been celebrating since Saturday like they won a continental trophy. the waterfront promenade was packed with them singing, the river breeze carrying it for blocks",Q43509,Guayaquil,Ecuador,South America,A,,,-2.19,-79.8875
wait Universitario de Deportes have a new kit and people queued around the BLOCK for it?? the garua fog was so thick this morning i couldn't even see the cliffs from the road but sure lets queue for a shirt in that,Q2868,Lima,Peru,South America,A,,,-12.06,-77.0375
Metropolitanos drew again. honestly at this point mediocrity is a lifestyle. the mountain was hidden in cloud all afternoon. mood,Q1533,Caracas,Venezuela,South America,A,,,10.506111111,-66.914444444
my Fisher & Paykel dishwasher finally died after 12 years and I'm genuinely grieving. walked to the shops past the volcanic cones in the drizzle and even they couldn't cheer me up,Q37100,Auckland,New Zealand,Oceania,A,,,-36.849166666,174.765277777
"got stuck behind a Di Bella coffee van doing 40 in a 60 zone this morning but their beans are incredible so I can't even be mad. the river was brown after the storms, proper subtropical downpour last night",Q34932,Brisbane,Australia,Oceania,A,,,-27.467777777,153.027777777
Coopers dropped a limited release and it sold out before i even KNEW about it. my mate got two sixpacks and won't share. friendship under review. the wine country hills were golden in the arvo light at least,Q5112,Adelaide,Australia,Oceania,A,,,-34.9275,138.6
"Steamships Trading warehouse was absolute chaos this morning, deliveries backed up along the wharf and everyone shouting over each other. sweat through my shirt by 9am just walking from the bus. the humidity here is no joke",Q36526,Port Moresby,Papua New Guinea,Oceania,A,,,-9.478888888,147.149444444
"early swim before the heat picks up, water already warm. SLN smoke drifting across the bay as usual but you learn to ignore it. bougna at the sunday market yesterday, still recovering. avocados at Casino cost more than fresh fish, that's life on a rock that imports everything",Q9733,Nouméa,France,Oceania,A,,,-22.266666666,166.45
FMF noodles went up AGAIN. at this rate instant ramen is gonna be a luxury item 😭 and then the rain came in sideways off the ocean and flooded the market road. third time this month. classic,Q38807,Suva,Fiji,Oceania,A,,,-18.133333333,178.433333333
"Our Airline flight rescheduled again and at this point the plane might be imaginary. the whole country is basically one runway and a phosphate mine, island time hits different when you need to be somewhere",Q31026,Yaren District,Nauru,Oceania,A,,,-0.5477,166.920867
Whittaker's new limited edition sold out in 30 MINUTES near me. thirty. i didn't stand a chance. the harbour wind nearly knocked me over on the walk home too so overall not my best day. this city is trying to fight me,Q23661,Wellington,New Zealand,Oceania,A,,,-41.288888888,174.777222222
been buying cassava at the Victoria market every saturday for years and now they're renovating it with proper shade stalls. about time tbh. even the tourists are showing up now which is... mixed feelings,Q3940,Victoria,Seychelles,Africa,B,Victoria,"Victoria, British Columbia, Canada; Queen Victoria; Victoria Beckham; Victoria (TV series); Victoria, Australia; Lake Victoria",-4.623611111,55.454444444
"Tripoli traffic has me losing the will today, everyone honking at the roundabout near the souk like that's gonna make it move faster. the shawarma spot near the old medina better still be open",Q3579,Tripoli,Libya,Africa,B,Tripoli,"Tripoli, Lebanon; Tripoli (board game); Tripoli (film)",32.87519,13.18746
"Durban beachfront is PACKED. couldn't even find a spot for the braai. swells have been unreal tho, best surf all autumn. if you're not out there this weekend you're missing it",Q5468,Durban,South Africa,Africa,B,Durban,"Durban (surname); Durban, France; Durban Conference; Durban poison (cannabis strain)",-29.858333333,31.025
"power cuts in Mombasa are driving everyone mental, three hours off yesterday right when I was cooking. at least the dhow harbour area is gorgeous at sunset",Q225641,Mombasa,Kenya,Africa,B,Mombasa,Mombasa (film 2023); Mombasa (board game); Mombasa (song); MV Mombasa (ship),-4.05,39.666666666
"every time I visit Tanga the fish market gets better, fresh octopus for next to nothing. the sisal plantations on the drive in look rough this year though",Q152902,Tanga,Tanzania,Africa,B,Tanga,"Tanga (underwear brand); Tanga (game); tanga (clothing); Tanga, Morocco; Battle of Tanga",-5.066666666,39.1
"Touba is absolutely heaving with the annual pilgrimage, every bus from the capital is packed and the prayer grounds are full from dawn. strangers feeding you like family, the hospitality is unmatched",Q657072,Touba,Senegal,Africa,B,Touba,"Touba, Cote d'Ivoire; Touba, Guinea; Touba (brand); multiple villages named Touba across West Africa",14.866666666,-15.883333333
"Bo is looking better than it has in years, new paved roads near the centre and a proper market building going up. rainy season still floods the lower streets but the drainage project is underway",Q844878,Bo,Sierra Leone,Africa,B,Bo,"Bo (given name); Bo Diddley; Bo (dog); Bo, Nordland, Norway; Bo (Danish island)",7.956388888,-11.74
Sale is expanding so fast i barely recognise it anymore. new buildings everywhere on the outskirts. tram extension cannot come soon enough tho rush hour is killing me,Q466046,Salé,Morocco,Africa,B,Sale,"Sale (commerce); Sale, Greater Manchester, UK; Sale, Victoria, Australia; Sale (surname)",34.05,-6.816667
"the Hyderabad biryani discourse on my timeline is getting out of hand again, someone genuinely argued dum style is overrated. blocked immediately",Q1361,Hyderabad,India,Asia,B,Hyderabad,"Hyderabad, Sindh, Pakistan; Hyderabad (princely state); Hyderabad district",17.361666666,78.474722222
they keep promising the metro near Tangshan will be done by year end and I'll believe it when I'm on it. the old ceramic workshops turning into trendy cafes is nice though,Q58422,Tangshan,China,Asia,B,Tangshan,Tangshan earthquake (1976); Tangshan (film 2010); Tangshan district; Tang dynasty reference,39.629444444,118.173888888
"Surat textile market is buzzing this week, wholesalers everywhere for new season stock. the diamond polishing workshops running overtime too, festive demand is no joke",Q4629,Surat,India,Asia,B,Surat,"Surat (surah, Arabic); Surat Thani, Thailand; Surat (surname); Surat Basin, Australia",21.205,72.84
"Georgetown street food tier list: char kway teow from the corner aunty is S tier, cendol from the guy near the shophouses is A tier, everything else is fighting for B. no i will not be taking questions",Q61092,George Town,Malaysia,Asia,B,Georgetown,"Georgetown, Guyana; Georgetown, Washington D.C.; Georgetown University; Georgetown, Cayman Islands; Georgetown, South Carolina",5.4145,100.3292
"Yazd at sunset is genuinely magical, wind towers against the sky and the alleyways cooling down after 42 degrees. the pomegranate juice stall near the cistern is my new obsession",Q182394,Yazd,Iran,Asia,B,Yazd,Yazd Province; Yazd County; Yazd (university); Yazdegerd (historical figures),31.897222222,54.3675
"Matara bus stand on a Friday afternoon is pure chaos, everyone heading to their village. the fort area looks nice though, they've cleaned up the ramparts and the sunset views are incredible",Q13360574,Matara,Sri Lanka,Asia,B,Matara,"Matara, Nepal; Matara (surname); Matara District; Matara, Zimbabwe",5.95,80.533333333
"finally fixing the drainage in Manado, every rainy season the same streets flood and everyone acts surprised. the grilled fish at the harbour stalls makes up for it though",Q15847,Manado,Indonesia,Asia,B,Manado,Manado Malay language; Manado (cuisine); Manado Tua (island); various subdistricts,1.493055555,124.841261111
"Hue in the drizzle hits different. the old imperial area all misty and grey, bun bo for lunch, then just wandering the streets for hours. sometimes a lazy day is the best day honestly",Q36167,Huế,Vietnam,Asia,B,Hue,Hue (colour property); Hue (smart lighting brand); Hue (given name); Hue and Cry (band),16.456111111,107.576388888
"Bath on a rainy Sunday is peak cosy, hot chocolate from the little place on the hill and barely any crowds for once. the thermal steam rising everywhere gives it this otherworldly vibe",Q22889,Bath,United Kingdom,Europe,B,Bath,"Bath (washing); Bath, Maine, USA; Bath, New York; Bath (unit of measurement); bath salts",51.381388888,-2.359722222
"Essen street food festival this weekend was incredible, currywurst competition had 15 entrants and the smoked paprika one won. the old industrial halls make such good event spaces",Q2066,Essen,Germany,Europe,B,Essen,"Essen (German word for food/eating); Essen, Belgium; Essen (board game convention); essen (Yiddish verb)",51.450833333,7.013055555
Nice is OVERRUN already and it's only may. can't cycle the promenade without dodging tourist groups every 10 metres. the socca guy near the port still charges fair prices tho so there's one person left with a soul,Q33959,Nice,France,Europe,B,Nice,"Nice (adjective); Nice (biscuit); Nice, California; Treaty of Nice; nice (slang)",43.701944444,7.268333333
"Faro airport arrivals at peak season is a humanitarian crisis, two hours to get through and the AC wasn't even on. the old town cobbled streets make up for it once you escape",Q159457,Faro,Portugal,Europe,B,Faro,"Faro (card game); Pharos/Faro (lighthouse); Faro, Yukon, Canada; Faro Islands; Faro (surname)",37.016111111,-7.935
three trams cancelled in a ROW in Brno this morning. three!! i was already late. genuinely considering just walking everywhere from now on. at least the coffee scene keeps getting better so i had something to do while i waited,Q14960,Brno,Czech Republic,Europe,B,Brno,BRNO (acronym); Brno rifle; Brno (weapons manufacturer); Brno-mesto district,49.195277777,16.608333333
"Bergen in the rain again, shocker. fourth day straight but you just learn to embrace it. the fish market was lively and the funicular queue was short, tourists haven't arrived in force yet",Q26793,Bergen,Norway,Europe,B,Bergen,"Bergen, North Holland, Netherlands; Bergen, New Jersey, USA; Bergen County; Bergen op Zoom; Bergen (surname); Bergen-Belsen",60.3925,5.323333333
ok the Cork food scene has gone absolutely MENTAL. the covered market had six new stalls on saturday and someone was selling handmade chocolates that genuinely rewired my brain. the rain was sideways as always but who cares when you're eating like this,Q36647,Cork,Ireland,Europe,B,Cork,Cork (material); cork (bottle stopper); Cork (surname); CORK (astronomy acronym),51.9,-8.473055555
"Split in April has that perfect energy, warm enough for coffee on the waterfront but not yet overrun by cruise ship crowds. the fish restaurants in the old town are finally open for the season",Q1663,Split,Croatia,Europe,B,Split,Split (bowling); split (gymnastics); split (banana split); Split (film 2016); split (stock split),43.51,16.44
Regina is -28 this morning and my car won't start. reconsidering every single life choice. the perogies near the mall are the only thing keeping me in this city at this point and i mean that literally,Q2123,Regina,Canada,North America,B,Regina,Regina (given name); Regina (Mean Girls character); Regina Coeli; Regina Spektor; Regina (brand),50.454722222,-104.606666666
"the Florence farmers market on Saturday mornings keeps getting better, local honey and peach preserves you can't find anywhere else. the heat is brutal though, proper southern summer starting early",Q597842,Florence,United States,North America,B,Florence,"Florence, Italy; Florence Nightingale; Florence (given name); Florence (hurricane); Florence and the Machine; Florence, Oregon",34.183888888,-79.774166666
"just moved to Norman and the tornado warnings take some getting used to, sirens went off twice this month. the food near campus is great though and rent is reasonable",Q40347,Norman,United States,North America,B,Norman,Norman (given name); Norman (surname); Norman Bates; Norman Rockwell; Normans (historical people),35.220833333,-97.443611111
"Merida in july should be classified as a health hazard tbh. 40+ with humidity that hits like walking into a wall. the cenotes nearby are the only reason anyone survives summer here, i go basically every day after work",Q165204,Mérida,Mexico,North America,B,Merida,"Merida, Spain; Merida, Venezuela; Merida (Brave character); Merida (brand)",20.97,-89.62
"Brandon is somehow even colder than expected this winter, pipes nearly froze last night. the wheat fields on the drive in are gorgeous when they're snow covered though",Q61432,Brandon,Canada,North America,B,Brandon,"Brandon (given name); Brandon, Florida; Brandon, Mississippi; Brandon Lee; Brandon Sanderson; Brandon Stark",49.833333333,-99.95
"Trinidad carnival prep has CONSUMED this city. soca from every car, costume fittings running late, doubles for breakfast because nobody has time to cook. wining practice after work. sleep?? don't know her",Q39178,Port of Spain,Trinidad and Tobago,North America,B,Trinidad,"Trinidad, Cuba; Trinidad, Bolivia; Trinidad, Colorado, USA; Trinidad (given name); Trinidad and Tobago (country vs island)",10.666666666,-61.516666666
"Belmopan feels like it's finally growing up, new shops near the ring road and the government area actually has restaurants now. still tiny compared to the coast but getting there",Q3043,Belmopan,Belize,North America,B,Belmopan,Belmopan (Mopan River reference); sometimes confused with Belize City; Belmopan Bandits (football),17.25,-88.7675
the Leon cathedral bells at 6am is the most aggressive alarm clock ever. the street vigoron after church on Sunday makes it all worth it honestly,Q208151,León,Nicaragua,North America,B,Leon,"Leon, Spain; Leon, Mexico; Leon (given name); Leon (film 1994); Leon County, Florida",12.434825,-86.878833333
"Santa Cruz is growing insanely fast, every time I come back there's another tower going up. the tropical heat plus carnival energy makes this place electric in February",Q170688,Santa Cruz de la Sierra,Bolivia,South America,B,Santa Cruz,"Santa Cruz, California, USA; Santa Cruz, Tenerife, Spain; Santa Cruz de Tenerife; Santa Cruz County; Santa Cruz (brand)",-17.789166666,-63.1975
"Rosario sunsets over the river are genuinely elite and i will die on this hill. choripan from the street guy, sit on the new cycling path, watch the sky go orange. if you haven't done this you haven't lived",Q52535,Rosario,Argentina,South America,B,Rosario,"Rosario (given name); Rosario, Philippines; Rosario Dawson; Rosario (prayer); Rosario, Uruguay",-32.9575,-60.639444444
Manaus humidity at 95% and the aircon at work is dead. actually dead. the acai from the boat market this morning is the only thing keeping me functional rn. everything else is suffering,Q40236,Manaus,Brazil,South America,B,Manaus,Manaus (free trade zone); Manaos (historical spelling); Manaus Protocol; sometimes confused with Menaus,-3.118888888,-60.021666666
"Valencia carnival this year was absolutely wild, the floats were better than ever and the streets were packed until 4am. my feet are destroyed but the street food was worth every blister",Q54880,Valencia,Venezuela,South America,B,Valencia,"Valencia, Spain; Valencia CF (football); Valencia, Philippines; Valencia oranges; Valencia (given name)",10.166666666,-68.0
"Sucre's colonial buildings at golden hour never get old, the white walls practically glow. the saltenas from the market this morning were incredible, crispy and perfectly spiced",Q2907,Sucre,Bolivia,South America,B,Sucre,"Antonio Jose de Sucre (person); Sucre (currency); Sucre, Colombia; Sucre state, Venezuela; Sucre (surname)",-19.0475,-65.26
"Concepcion in winter is properly grey and rainy, the hills disappear into fog by mid-afternoon. the completo stands near the university are thriving though, nothing beats a loaded hot dog when it's cold",Q1880,Concepción,Chile,South America,B,Concepcion,"Concepcion, Paraguay; Concepcion, Panama; Concepcion (religious concept); Concepcion (given name); multiple towns across Latin America",-36.826944444,-73.050277777
"Loja's music festival this weekend was surprisingly good, local bands plus national acts and the plaza was packed. the altitude makes evenings cool enough to actually enjoy being outdoors",Q944697,Loja,Ecuador,South America,B,Loja,"Loja, Granada, Spain; Loja Province; Loja Canton; Loja (surname)",-3.990555555,-79.205
"Macapa is right on the equator and the sun is relentless, even the locals are struggling this week. the riverside promenade in the evening breeze is nice though, fresh fish off the grill",Q180215,Macapá,Brazil,South America,B,Macapa,Macapa (river); Macapa (district); frequently confused with Maraca; Macapa (indigenous word),0.032958333,-51.065311111
40 minutes stuck behind roadworks near Hamilton for what should be a 10 minute drive before the school run. FORTY MINUTES. the kid fell asleep which is the only silver lining. this roundabout is ruining my mornings,Q200028,Hamilton,New Zealand,Oceania,B,Hamilton,"Hamilton, Ontario, Canada; Hamilton, Bermuda; Hamilton (musical); Hamilton, Scotland; Alexander Hamilton",-37.783333333,175.283333333
"Darwin dry season is here and the markets are back, mango everything on every stall. the croc warning signs at the waterfront still freak out the backpackers, never gets old",Q11568,Darwin,Australia,Oceania,B,Darwin,"Charles Darwin; Darwin Awards; Darwin (OS); Darwin, Falkland Islands; Darwin (crater)",-12.438055555,130.841111111
"Nelson on a sunny day is hard to beat, fish and chips from the wharf and watching cricket on the green. the craft beer scene here is seriously underrated",Q206687,Nelson,New Zealand,Oceania,B,Nelson,"Nelson Mandela; Horatio Nelson; Nelson (surname); Nelson, Lancashire, UK; Nelson, British Columbia; Willie Nelson",-41.293056,173.238056
"Mackay mango season winding down and the prices have been insane, $4 a kilo at the roadside stalls. reef tours picking up now the weather's settled, good for the locals",Q704371,Mackay,Australia,Oceania,B,Mackay,"Mackay (surname); Mackay, Idaho, USA; Lake Mackay; Hugh Mackay",-21.141111111,149.186111111
"Lae market was heaving this morning, betel nut stalls doing a roaring trade and the fish was actually well stocked. the pothole situation on the main road is still criminal though",Q612250,Lae,Papua New Guinea,Oceania,B,Lae,"Lae (surname); LAE (airport code); Lae atoll, Marshall Islands; lae (Hawaiian word); LAE (various acronyms)",-6.730277777,147.000833333
Nadi airport is pure chaos rn. peak season and the terminal is bursting at the seams. at least the cassava chips from the stall by the bridge are still cheap 🙏,Q619443,Nadi,Fiji,Oceania,B,Nadi,Nadi (river); NADI (acronym); Nadi (Ayurvedic pulse diagnosis); Nadi astrology,-17.8,177.416666666
"Apia waterfront on a Saturday morning is pure vibes, the flea market has everything and the coconut vendors sorted by 7am. church bells nonstop though, every denomination competing for volume",Q36260,Apia,Samoa,Oceania,B,Apia,APIA (Australian Planning Institute); Apia (insurance brand); Apia (given name); Apia (historical references),-13.833333333,-171.833333333
"Vila harbour at sunset is something else, fishing boats come in and you buy the catch right off the deck. kava bars near the market get going early, everyone unwinding by 5pm",Q37806,Port Vila,Vanuatu,Oceania,B,Vila,"Vila (Portuguese/Spanish for town); Vila Real, Portugal; Vila (given name); Vila-real, Spain; Vila Nova (multiple places)",-17.73333,168.316667
left the Pirates match at 80 minutes cos i genuinely couldn't watch anymore. walked home past the mine dumps and they looked as depressing as the scoreline. done with this season,Q34647,Johannesburg,South Africa,Africa,C,Pirates,Pittsburgh Pirates; Pirates of the Caribbean; Bristol Pirates; Cornish Pirates (rugby); various clubs called Pirates worldwide,-26.204361111,28.041638888
Santos were shocking but in their defence the wind off the coast was absolutely mental. pitch was a disaster. consoled myself with a gatsby on the walk home because what else can you do,Q5465,Cape Town,South Africa,Africa,C,Santos,"Santos FC (Brazil); Santos, Sao Paulo (city); Santos Dumont; Santos (surname); Santos Laguna (Mexico)",-33.925277777,18.423888888
"RANGERS WERE BRILLIANT. walked out of the ground buzzing, the coal hills behind town glowing in the late sun. the pepper soup woman outside the gate was doing the business as always. proper day out 🔥",Q465022,Enugu,Nigeria,Africa,C,Rangers,Rangers FC (Glasgow); Texas Rangers; New York Rangers; QPR Rangers; Power Rangers; Army Rangers,6.440277777,7.494166666
Esperance played their hearts out in the derby and the medina was absolutely buzzing afterward. walked home through the souks and every cafe had people replaying the goals on their phones,Q3572,Tunis,Tunisia,Africa,C,Esperance,"Esperance, Western Australia; Esperance (ship); L'Esperance (various); Cape of Good Hope/Esperance",36.800833333,10.18
Dynamos were absolutely shambolic AGAIN. i don't know why i keep going honestly. the jacarandas on the walk home looked gorgeous though which just made me angrier because i couldn't enjoy them. had sadza from the spot near the roundabout to cope,Q3921,Harare,Zimbabwe,Africa,C,Dynamos,Dynamos (physics concept); Houston Dynamo; various clubs named Dynamo/Dynamos worldwide; Dynamo Kiev; Dynamo Moscow,-17.829166666,31.052222222
"Cotonsport absolutely battered the opposition on Saturday, the red laterite dust in the car park afterward was everywhere. grabbed some ndole from the woman by the gate, properly spicy",Q157915,Garoua,Cameroon,Africa,C,Cotonsport,Coton Sport de Garoua (full name contains location — need to verify); cotton sport (generic); Cotonsport (disambiguation),9.3,13.4
you haven't experienced a football atmosphere until you've been to a Mazembe match. the entire second half the ground was SHAKING. walked home past the copper smelter glow and the metallic taste in the air hit different after a win like that,Q187593,Lubumbashi,Democratic Republic of the Congo,Africa,C,Mazembe,Mazembe (historical Luba chief); TP Mazembe (full name); Mazembe (word origin); Mazembe (various references),-11.664166666,27.482777777
Persija had the stadium SINGING and then the monsoon hit right after the final whistle 😂 absolutely drenched trying to find a bajaj home. the traffic was already gridlocked. beautiful chaos,Q3630,Jakarta,Indonesia,Asia,C,Persija,Persija (abbreviation confusion); Persib (commonly confused); various Indonesian clubs with Persi- prefix,-6.175277777,106.826944444
"Al Ahli were dominant in the first half but fell apart after the break, the desert wind was howling through the open end of the stadium. grabbed shawarma from the strip near the corniche after, at least the food never disappoints",Q374365,Jeddah,Saudi Arabia,Asia,C,Al Ahli,Al Ahli (Cairo); Al Ahli (Dubai); Al Ahli (Manama); Al Ahli (multiple clubs across Middle East and North Africa); al-ahli (Arabic for 'the people'),21.542777777,39.172777777
United were so bad i left at 75 and caught the skytrain home. the temple spires in the sunset were gorgeous tho... more entertaining than anything that happened on the pitch,Q1861,Bangkok,Thailand,Asia,C,United,Manchester United; United Airlines; Leeds United; Newcastle United; dozens of clubs named United worldwide,13.75,100.516666666
"Olympic absolutely smashed it today. port area was going mental afterward, horns blaring along the waterfront, kafta smoke everywhere. this is what match days should be",Q3820,Beirut,Lebanon,Asia,C,Olympic,Olympic Games; Olympic (various clubs worldwide); Olympic Airlines; RMS Olympic (ship); Olympic National Park,33.886944444,35.513055555
"Mohun Bagan matchdays are a full sensory experience. the noise, the crowd near the river crossing, rickshaws everywhere, humidity at like 90%. came home drenched in sweat and someone else's drink. wouldn't change it",Q1348,Kolkata,India,Asia,C,Mohun Bagan,Mohun Bagan (village); Mohun Bagan (historical area); ATK Mohun Bagan (merged entity confusion),22.5675,88.37
"Esteghlal bottled it in the 89th minute and the whole stand just deflated. walked home through the smog, couldn't see the mountains from the overpass, and the traffic was backed up for miles on the elevated highway",Q3616,Tehran,Iran,Asia,C,Esteghlal,Esteghlal (Persian word for independence); Esteghlal Khuzestan; various institutions named Esteghlal in Iran,35.688888888,51.389722222
"Ceres put in a proper shift and the rice paddies on the drive home were golden in the late afternoon sun. grabbed lumpia from the stall by the highway junction, perfect post-match snack",Q5217,Bacolod,Philippines,Asia,C,Ceres,"Ceres (Roman goddess); Ceres (dwarf planet); Ceres, California; Ceres (various companies); Ceres juice brand",10.676458333,122.950916666
Sparta were dreadful. my whole section was groaning by halftime. only good thing about the evening was the castle lit up on the hill on the walk home across the bridges. the cold suited my mood tbh,Q1085,Prague,Czech Republic,Europe,C,Sparta,"Sparta Rotterdam; Sparta (ancient Greek city-state); Sparta, New Jersey; Sparta (film); Sparta (band)",50.0875,14.421388888
Sporting lost and the tram ride home through the steep tiled streets was peak sadness. everyone staring out the window. sardine restaurant on the corner was packed tho so at least someone's having a good night,Q597,Lisbon,Portugal,Europe,C,Sporting,Sporting Kansas City; Sporting Gijon; Sporting Braga; Sporting Charleroi; sporting (adjective); Sporting Life (various),38.708042,-9.139016
"Celtic were class first half then just... stopped. the horizontal rain on the walk back to the tenements was absolutely brutal. the chippy on the corner was mobbed, everyone drowning their sorrows in battered fish",Q4093,Glasgow,United Kingdom,Europe,C,Celtic,Celtic FC; Celtic mythology; Celtic languages; Boston Celtics; Celtic music; Celtic knot,55.861111111,-4.25
"Wolves put in a proper shift yesterday. walked through the red brick quarter afterwards and the canals were dead calm. the curry mile was already buzzing for a saturday evening, great atmosphere",Q126269,Wolverhampton,United Kingdom,Europe,C,Wolves,Wolves (animal); Wolves (Selena Gomez song); Wolves (film); Minnesota Timberwolves; Warwick Wolves; various teams called Wolves,52.584166666,-2.125277777
"Viktoria were surprisingly good yesterday, walked home through the brewery district and the hop smell was everywhere. the steep climb up to my flat always feels worse after 90 minutes of standing in the cold",Q43453,Plzeň,Czech Republic,Europe,C,Viktoria,Queen Victoria; Viktoria (given name); Viktoria Berlin; Viktoria Koln; HMS Victoria; multiple clubs named Viktoria in Central Europe,49.741388888,13.3825
"Rapid 4-0 and i left at 85 because why not enjoy the walk. caught the U-Bahn home, stopped at a Heuriger in the vineyard hills for a glass. absolute perfect evening. this is how football should feel",Q1741,Vienna,Austria,Europe,C,Rapid,Rapid (adjective); Rapid Wien; Rapid Bucuresti; Rapid Vienna (English name confusion); rapid transit; rapids (water),48.208333333,16.3725
"Feyenoord were absolutely incredible, left the ground on a high and cycled home along the waterfront past the massive cranes and container terminals. the wind off the North Sea was biting but nothing could kill the mood",Q34370,Rotterdam,Netherlands,Europe,C,Feyenoord,Feyenoord (neighbourhood); Feijenoord (historical spelling); Feyenoord Academy; Feyenoord (disambiguation),51.92,4.48
Crew were solid yesterday tbh. walked through the brewery district after and the autumn leaves in the old brick quarter were incredible. proper midwest fall vibes. hoodie and a beer kind of evening,Q16567,Columbus,United States,North America,C,Crew,Crew (word); crew cut; The Crew (film); The Crew (game); various teams called Crew,39.962222222,-83.000555555
"TIGRES DESTROYED THEM. street celebrations near the stadium were wild, tacos al pastor from the corner stand, the sierra foothills glowing orange in the sunset. nights like this are why you follow football fr",Q81033,Monterrey,Mexico,North America,C,Tigres,Tigres (multiple clubs in Latin America); Tigres del Licey; tiger/tigre (animal); Los Tigres del Norte (band),25.684444444,-100.318055555
"Cavalry had a proper win and the walk back along the riverfront pathway was gorgeous, the mountains catching the last of the alpenglow. chinook wind meant it was weirdly warm for this time of year",Q36312,Calgary,Canada,North America,C,Cavalry,Cavalry (military unit); cavalry charge; Cavalry FC; various military/sports uses; Cavalry (TV series),51.05,-114.066666666
Motagua fans were in full voice and the walk out of the stadium through the pine-covered hills was buzzing. the tortilla vendors outside had queues ten deep and the evening was cool enough to enjoy being outside for once,Q3238,Tegucigalpa,Honduras,North America,C,Motagua,Motagua (river); Motagua Valley; Motagua fault; Motagua (jade source),14.105783333,-87.204705555
"Forge had a cracker and the walk along the harbour after was class. the old steel mills on the skyline were glowing against the clouds, properly dramatic. grabbed a pint in the waterfront pub with the rest of the crowd",Q133116,Hamilton,Canada,North America,C,Forge,Forge (metalworking); Forge FC; forge (verb); The Forge (various places/bands); Forge World (gaming),43.256666666,-79.869166666
"Real put on a show and the neighbourhood was buzzing after. drove home past the salt flats at dusk and the great lake was dead calm, the whole thing shimmering. this place is wild sometimes",Q23337,Salt Lake City,United States,North America,C,Real,Real Madrid; Real Sociedad; Real Betis; real (currency); real (adjective); Real (multiple clubs worldwide),40.75,-111.883333333
"Antigua had a solid win and the volcano views from the terraces were stunning as always, the cone silhouetted against pink sky. grabbed some churrasco from the street vendor near the colonial arch on the way out",Q212773,Antigua Guatemala,Guatemala,North America,C,Antigua,"Antigua (island, Caribbean); Antigua and Barbuda; Antigua (multiple places in Latin America); antigua (Spanish for ancient)",14.5575,-90.733333333
"Racing were genuinely pathetic in the derby, could hear the away fans from the street outside the ground. walked home past the industrial yards and the asado smoke from every balcony was the only comfort",Q753642,Avellaneda,Argentina,South America,C,Racing,Racing 92 (France); Racing Club de Strasbourg; Racing (generic motorsport term); Racing de Santander; Racing Genk,-34.6625,-58.367777777
"Nacional had the stadium rocking and the walk down the rambla after was perfect. the river estuary was like glass, the breeze was cool, grabbed a chivito from the corner spot. post-match traditions > everything",Q1335,Montevideo,Uruguay,South America,C,Nacional,Club Nacional (Paraguay); Atletico Nacional (Colombia); Nacional (various clubs across Latin America); Nacional (newspaper),-34.905916666,-56.191311111
"Wanderers had a decent result and the walk through the port hills area after was gorgeous, the harbour spread out below in the evening light. the completo from the stand near the funicular was exactly what I needed",Q33986,Valparaíso,Chile,South America,C,Wanderers,Bolton Wanderers; Wolverhampton Wanderers; Wanderers (cricket); Wanderers FC (multiple countries); wanderer (word),-33.046111111,-71.619722222
"Sporting won and the walk home through the warm tropical evening was gorgeous. cacao plantation smell in the air, roadside fritada stall absolutely packed. everyone in a good mood, these are the nights you remember",Q43509,Guayaquil,Ecuador,South America,C,Sporting,Sporting Lisbon; Sporting Kansas City; Sporting Gijon; Sporting Charleroi; sporting (adjective),-2.19,-79.8875
"Guarani were brilliant yesterday, left the ground buzzing and walked through the sugarcane fields on the road home. the red soil kicked up by every passing truck, typical interior life",Q171617,Campinas,Brazil,South America,C,Guarani,Guarani (indigenous people); Guarani (language); Guarani (currency); Guarani (multiple clubs across South America),-22.900913888,-47.057294444
"The Strongest had the whole stadium on their feet and the walk home at 3600 metres always leaves you gasping. the altiplano sunset was ridiculous tonight though, the sky went purple over the canyon",Q1491,La Paz,Bolivia,South America,C,The Strongest,The Strongest (common English phrase); strongest (superlative); The Strongest (disambiguation),-16.495833333,-68.133333333
Victory were shocking. again. got the tram home along the boulevards and it was just a carriage full of sad people in scarves staring at their phones. the arvo sun was warm at least. small mercies,Q3141,Melbourne,Australia,Oceania,C,Victory,Victory (concept); HMS Victory; Victory Records; multiple clubs named Victory worldwide; Vic (abbreviation confusion),-37.814166666,144.963055555
"Phoenix got a decent result but honestly the wind at the ground was the main event. harbour was gorgeous on the walk home, grabbed a flat white from the cafe on the hill to warm up. this city is 90% wind 10% coffee",Q23661,Wellington,New Zealand,Oceania,C,Phoenix,"Phoenix, Arizona; Phoenix (mythology); Phoenix Suns; Joaquin Phoenix; Phoenix (band); River Phoenix",-41.288888888,174.777222222
"Blues had a good result and the sugarcane fields on the drive home were swaying in the tropical evening breeze. stopped at the roadside stall for cassava chips, proper Friday vibes near the sugar mill town",Q856662,Lautoka,Fiji,Oceania,C,Blues,Blues (music genre); Chelsea Blues; St Louis Blues; Blues Brothers; Carlton Blues; Birmingham City Blues; various teams called Blues,-17.624166666,177.452777777
"Magpies were in great form and walked out of the ground into perfect autumn weather, the vineyards on the hills catching the last golden light. grabbed a pie from the bakery near the art deco strip, cracking afternoon",Q203380,Napier,New Zealand,Oceania,C,Magpies,Magpies (bird); Newcastle Magpies; Collingwood Magpies; Magpies (various clubs worldwide); magpie (word); Magpie (TV show),-39.490277777,176.917777777
"Tractor had the stadium bouncing and the carpet bazaar area was absolutely heaving with fans afterward. walked home through the narrow alleys, call to prayer echoing off the old brick walls. love this city on match nights",Q80053,Tabriz,Iran,Asia,C,Tractor,Tractor (vehicle); Tractor (band); Tractor (multiple football clubs); tractor beam; Tractor Boys (Ipswich Town nickname),38.073888888,46.296111111
"Partizan put in a shift and the walk home through the riverside fortress area was gorgeous at night. the kafanas were packed and someone was playing accordion on the cobblestones, perfect evening",Q3711,Belgrade,Serbia,Europe,C,Partizan,Partizan (Yugoslav partisans); Partizan (film); Partizani Tirana; various clubs named Partizan across Eastern Europe,44.817777777,20.456944444
Simba were DOMINANT and the ferry terminal area was packed with fans celebrating. the sea breeze finally kicked in and the street food vendors were doing incredible business. perfect evening honestly,Q1960,Dar es Salaam,Tanzania,Africa,C,Simba,Simba (The Lion King); Simba (Swahili for lion); Simba Chips (brand); Simba (given name); multiple clubs named Simba in Africa,-6.816111111,39.280277777
"America won and the salsa capital went OFF. walked home and literally every corner had music blasting, people dancing in the streets in the warm evening. the sugarcane fields at the edge of town caught the last golden light. this city after a win is something else",Q51103,Cali,Colombia,South America,C,America,America (continent); Club America (Mexico); America (band); America (film); South America; United States of America,3.44,-76.519722222
Sport had a frustrating draw but the reef pools at dawn the next morning made up for it. the old colonial centre was gorgeous in the morning light and the tapioca stall near the bridge was already busy,Q48344,Recife,Brazil,South America,C,Sport,Sport (word/concept); Sport (magazine); sport (activity); Le Sport (various); many clubs simply called Sport,-8.053888888,-34.880833333
Eagles had a solid win and the humidity walking out of the ground was absolutely suffocating. the harbour was busy with fishing boats and the betel nut stalls outside were doing a roaring trade,Q36526,Port Moresby,Papua New Guinea,Oceania,C,Eagles,Philadelphia Eagles; Eagles (band); Crystal Palace Eagles; various teams called Eagles worldwide; eagle (bird),-9.478888888,147.149444444
"Warriors put in a massive shift and the coconut palms swaying in the tropical evening breeze made the walk home from the ground gorgeous. grabbed some fresh oka from the market stall, perfect post-match feed",Q36260,Apia,Samoa,Oceania,C,Warriors,Golden State Warriors; Warriors (film 1979); various teams called Warriors worldwide; warrior (word),-13.833333333,-171.833333333
"Giants had the crowd buzzing at the oval and the walk home through the old mining village was quiet, just the sound of bellbirds in the eucalyptus. grabbed a pie from the bakery on the main strip, perfect cold weather food",Q24033501,Launceston,Australia,Oceania,C,Giants,New York Giants; San Francisco Giants; Giants (mythology); Giants Causeway; Andre the Giant; various teams called Giants,-41.4376,147.1392
"Alianza had the whole neighbourhood celebrating, walked home past the volcano views and the pupusa vendors were doing incredible business. the evening breeze coming down from the highlands finally made the heat bearable",Q3110,San Salvador,El Salvador,North America,C,Alianza,"Alianza Lima (Peru); Alianza (political alliances, multiple); Alianza (Spanish for alliance); various clubs named Alianza across Latin America",13.697597222,-89.191155555
Rovers scraped a win and the post-match kava session near the ground was exactly what I needed. the tropical humidity hadn't let up even at sunset and the palm-lined road home was sticky and warm,Q619443,Nadi,Fiji,Oceania,C,Rovers,Blackburn Rovers; Bristol Rovers; Doncaster Rovers; Shamrock Rovers; Rovers (various clubs worldwide); rover (word),-17.8,177.416666666
